Time,PlayerID,Kind,Resource,Amount,Note
2025-12-23 12:21:26,43275,donation,Gold,5000000,Member donation
2025-12-23 05:35:50,88460,donation,Gold,50000000,Member donation
2025-12-23 04:59:48,38461,donation,Gold,10000,Member donation
2025-12-23 04:59:46,38461,donation,Gold,10000,Member donation
2025-12-23 04:59:43,38461,donation,Gold,10000,Member donation
2025-12-22 22:25:54,45752,donation,Gold,3000000,Member donation
2025-12-22 22:25:39,45752,donation,Gold,3000000,Member donation
2025-12-22 06:04:51,80572,donation,Gold,5000000,Member donation
2025-12-21 19:17:39,52862,donation,Gold,100000,Member donation
2025-12-21 01:09:13,45752,donation,Gold,3000000,Member donation
2025-12-20 22:30:14,107735,donation,Gold,4000000,Member donation
2025-12-20 17:55:17,69508,donation,Gold,800000,Member donation
2025-12-20 03:19:41,114170,donation,Gold,4000000,Member donation
2025-12-18 12:41:21,76638,donation,Gold,900000,Member donation
2025-12-18 12:41:03,76638,donation,Gold,72000,Member donation
2025-12-18 12:40:54,76638,donation,Gold,687,Member donation
2025-12-18 05:52:33,16162,donation,Gold,3000000,Member donation
2025-12-18 01:11:59,69508,donation,Gold,1000000,Member donation
2025-12-18 01:11:40,69508,donation,Gold,376202,Member donation
2025-12-17 23:37:08,100340,donation,Gold,5000000,Member donation
2025-12-17 23:36:47,100340,donation,Gold,500000,Member donation
2025-12-17 23:30:35,36260,donation,Gold,500000,Member donation
2025-12-17 23:05:17,52862,donation,Gold,500000,Member donation
2025-12-17 20:53:06,43275,donation,Gold,1111,Member donation
2025-12-17 20:38:30,52862,donation,Gold,100000,Member donation
2025-12-17 20:38:20,89180,donation,Gold,50000,Member donation
2025-12-17 20:35:46,100021,donation,Gold,7939000,Member donation
2025-12-17 20:32:50,114019,donation,Gold,5000000,Member donation
2025-12-17 05:41:53,45752,donation,Gold,2000000,Member donation
2025-12-17 04:19:21,120341,donation,Gold,10000,Member donation
2025-12-17 03:41:49,5597,donation,Gems,1000,Member donation
2025-12-17 03:41:35,5597,donation,Gold,10000000,Member donation
2025-12-16 23:32:14,43275,donation,Gold,5000000,Member donation
2025-12-16 18:58:01,52862,donation,Gold,100000,Member donation
2025-12-16 00:33:52,107735,donation,Gold,10000000,Member donation
2025-12-15 19:17:07,105377,donation,Gold,87900,Member donation
2025-12-15 19:16:51,105377,donation,Gold,3343100,Member donation
2025-12-15 19:15:43,105377,donation,Gems,1256,Member donation
2025-12-15 16:40:36,100084,donation,Gold,4000000,Member donation
2025-12-15 15:22:42,100443,donation,Gold,1000000,Member donation
2025-12-15 00:08:04,100567,donation,Gold,10000000,Member donation
2025-12-14 15:13:01,114170,donation,Gold,1000000,Member donation
2025-12-14 11:10:31,52862,donation,Gold,200000,Member donation
2025-12-14 09:33:22,91337,donation,Gold,1000000,Member donation
2025-12-13 22:19:54,52862,donation,Gold,300000,Member donation
2025-12-13 22:03:08,38461,donation,Gold,10000,Member donation
2025-12-13 22:03:06,38461,donation,Gold,10000,Member donation
2025-12-13 22:02:45,38461,donation,Gems,62,Member donation
2025-12-13 19:50:35,107735,donation,Gold,2000000,Member donation
2025-12-13 19:20:24,114170,donation,Gold,1000000,Member donation
2025-12-13 18:31:57,62327,donation,Gold,15000000,Member donation
2025-12-13 17:19:44,87870,donation,Gold,20000000,Member donation
2025-12-13 12:06:12,100769,donation,Gold,1000000,Member donation
2025-12-13 12:05:53,100769,donation,Gold,1000000,Member donation
2025-12-13 12:05:20,100769,donation,Gold,100000,Member donation
2025-12-13 12:05:09,100769,donation,Gold,40000,Member donation
2025-12-13 12:05:02,100769,donation,Gold,2000,Member donation
2025-12-13 12:04:56,100769,donation,Gold,100,Member donation
2025-12-13 12:04:50,100769,donation,Gold,150,Member donation
2025-12-13 12:04:44,100769,donation,Gold,5,Member donation
2025-12-13 10:48:21,91337,donation,Gold,1000000,Member donation
2025-12-13 09:32:40,69508,donation,Gold,334745,Member donation
2025-12-13 04:52:03,21480,donation,Gold,2000000,Member donation
2025-12-13 02:10:59,43275,donation,Gold,3000000,Member donation
2025-12-12 21:26:30,64487,donation,Gold,100000,Member donation
2025-12-12 20:45:50,81130,donation,Gold,10000000,Member donation
2025-12-12 20:23:12,64487,donation,Gold,10000,Member donation
2025-12-12 19:57:46,89180,donation,Gold,50000,Member donation
2025-12-12 19:14:15,38461,donation,Gold,10000,Member donation
2025-12-12 18:52:05,100769,donation,Gold,2000000,Member donation
2025-12-12 18:49:44,90465,donation,Gold,10000000,Member donation
2025-12-12 18:48:51,107735,donation,Gold,9000000,Member donation
2025-12-12 18:38:05,45752,donation,Gold,3000000,Member donation
2025-12-12 18:25:04,76887,donation,Gold,20000,Member donation
2025-12-12 18:21:19,105769,donation,Gold,3000000,Member donation
2025-12-12 16:07:05,69508,donation,Gold,33000,Member donation
2025-12-12 08:51:33,100406,donation,Gold,5000000,Member donation
2025-12-11 22:51:36,52862,donation,Gold,300000,Member donation
2025-12-11 22:44:00,100084,donation,Gold,2000000,Member donation
2025-12-11 22:43:16,100769,donation,Gold,5000000,Member donation
2025-12-11 15:55:15,76638,donation,Gold,3000000,Member donation
2025-12-11 15:55:01,76638,donation,Gold,800000,Member donation
2025-12-11 15:54:53,76638,donation,Gold,70000,Member donation
2025-12-11 13:22:20,43275,donation,Gold,2000000,Member donation
2025-12-11 00:15:31,100443,donation,Gold,3000000,Member donation
2025-12-10 22:16:53,76694,donation,Gold,8000000,Member donation
2025-12-10 19:42:03,89180,donation,Gold,10000,Member donation
2025-12-10 19:42:02,89180,donation,Gold,10000,Member donation
2025-12-10 19:17:18,45752,donation,Gold,2000000,Member donation
2025-12-10 15:37:58,89180,donation,Gold,10000,Member donation
2025-12-10 00:49:29,52862,donation,Gold,100000,Member donation
2025-12-09 14:25:48,100443,donation,Gold,1000000,Member donation
2025-12-09 14:25:32,100443,donation,Gold,900000,Member donation
2025-12-09 14:25:19,100443,donation,Gold,80000,Member donation
2025-12-09 03:34:38,100508,donation,Gems,9,Member donation
2025-12-08 23:18:54,101989,donation,Gems,10,Member donation
2025-12-08 23:18:54,101989,donation,Gold,10000,Member donation
2025-12-08 09:15:30,71214,donation,Gold,10000,Member donation
2025-12-08 01:34:27,77533,donation,Gold,2000000,Member donation
2025-12-07 23:33:23,71342,donation,Gold,700000,Member donation
2025-12-07 22:44:11,52862,donation,Gold,300000,Member donation
2025-12-07 22:23:29,77837,donation,Gold,3000000,Member donation
2025-12-07 22:06:04,43275,donation,Gold,822214,Member donation
2025-12-07 22:04:03,80572,donation,Gold,3000000,Member donation
2025-12-07 21:17:15,69508,donation,Gold,107540,Member donation
2025-12-07 19:31:44,21480,donation,Gold,2000000,Member donation
2025-12-07 16:46:25,80404,donation,Gold,500000,Member donation
2025-12-07 13:31:35,76638,donation,Gold,1170246,Member donation
2025-12-07 12:20:30,45752,donation,Gold,3000000,Member donation
2025-12-07 05:45:46,78354,donation,Gold,2000000,Member donation
2025-12-07 00:16:40,43275,donation,Gold,1000000,Member donation
2025-12-06 22:38:33,52862,donation,Gold,100000,Member donation
2025-12-06 22:05:44,52862,donation,Gold,300000,Member donation
2025-12-06 21:40:09,91337,donation,Gold,1000000,Member donation
2025-12-06 15:29:25,79059,donation,Gold,3000000,Member donation
2025-12-06 13:39:12,76694,donation,Gold,5000000,Member donation
2025-12-06 13:12:27,90465,donation,Gold,10000000,Member donation
2025-12-06 12:10:12,100340,donation,Gold,2000000,Member donation
2025-12-06 11:45:41,79435,donation,Gold,2000000,Member donation
2025-12-06 11:40:02,91337,donation,Gold,1000000,Member donation
2025-12-06 11:25:49,100443,donation,Gold,2000000,Member donation
2025-12-06 11:25:30,100443,donation,Gold,700000,Member donation
2025-12-06 11:25:06,100443,donation,Gold,1000,Member donation
2025-12-06 11:24:59,100443,donation,Gold,80,Member donation
2025-12-06 11:24:54,100443,donation,Gold,2,Member donation
2025-12-06 05:28:52,45752,donation,Gold,2000000,Member donation
2025-12-06 01:44:52,9746,donation,Gold,4000000,Member donation
2025-12-06 01:41:09,69508,donation,Gold,998918,Member donation
2025-12-05 21:01:27,43275,donation,Gold,800000,Member donation
2025-12-05 21:01:27,93112,donation,Gold,1600000,Member donation
2025-12-05 20:57:48,91337,donation,Gold,800000,Member donation
2025-12-05 18:11:42,36260,donation,Gold,100000,Member donation
2025-12-05 10:15:52,77837,donation,Gold,2000000,Member donation
2025-12-05 08:13:16,52293,donation,Gold,1000000,Member donation
2025-12-05 01:39:46,71342,donation,Gold,1000000,Member donation
2025-12-05 01:37:39,52862,donation,Gold,300000,Member donation
2025-12-04 22:05:35,59841,donation,Gold,10000000,Member donation
2025-12-04 21:14:05,100406,donation,Gold,8000000,Member donation
2025-12-04 20:20:23,77837,donation,Gold,2000000,Member donation
2025-12-04 15:50:46,69508,donation,Gold,1700000,Member donation
2025-12-04 14:25:02,77837,donation,Gold,1000000,Member donation
2025-12-04 08:00:10,100443,donation,Gold,100000,Member donation
2025-12-04 07:59:44,100443,donation,Gold,80000,Member donation
2025-12-04 07:59:29,100443,donation,Gold,3000,Member donation
2025-12-04 07:59:21,100443,donation,Gold,300,Member donation
2025-12-04 07:59:13,100443,donation,Gold,2,Member donation
2025-12-03 23:05:56,79259,donation,Gold,7000000,Member donation
2025-12-03 22:41:48,76694,donation,Gold,500000,Member donation
2025-12-03 17:08:51,52293,donation,Gold,1000000,Member donation
2025-12-03 12:37:41,100443,donation,Gold,1000000,Member donation
2025-12-03 09:42:26,91337,donation,Gold,1000000,Member donation
2025-12-03 02:11:01,45752,donation,Gold,2000000,Member donation
2025-12-02 23:34:23,76694,donation,Gold,1005020,Member donation
2025-12-02 23:33:50,76694,donation,Gold,3000000,Member donation
2025-12-02 23:22:12,36260,donation,Gold,1000000,Member donation
2025-12-02 23:00:46,52862,donation,Gold,300000,Member donation
2025-12-02 22:45:22,77837,donation,Gold,1000000,Member donation
2025-12-02 22:40:32,107735,donation,Gold,11678,Member donation
2025-12-02 15:34:33,43275,donation,Gold,3000000,Member donation
2025-12-02 13:38:32,77837,donation,Gold,3000000,Member donation
2025-12-02 11:53:42,79259,donation,Gold,5000000,Member donation
2025-12-02 11:30:05,90465,donation,Gold,5000000,Member donation
2025-12-02 11:29:44,90465,donation,Gold,5000000,Member donation
2025-12-01 22:21:51,100021,donation,Gold,4500000,Member donation
2025-12-01 22:21:17,100021,donation,Gold,500000,Member donation
2025-12-01 22:10:44,43275,donation,Gold,3000000,Member donation
2025-12-01 21:55:39,81130,donation,Gold,5000000,Member donation
2025-12-01 21:50:41,81130,donation,Gold,5000000,Member donation
2025-12-01 21:46:44,45752,donation,Gold,2000000,Member donation
2025-12-01 01:58:46,76694,donation,Gold,2000000,Member donation
2025-12-01 01:21:58,43275,donation,Gold,700000,Member donation
2025-11-30 22:14:11,76638,donation,Gold,3000000,Member donation
2025-11-30 21:46:14,91337,donation,Gold,1000000,Member donation
2025-11-30 21:41:11,52862,donation,Gold,200000,Member donation
2025-11-30 20:40:35,100567,donation,Gold,5000000,Member donation
2025-11-30 15:00:17,90465,donation,Gold,5000000,Member donation
2025-11-30 11:25:31,67206,donation,Gold,100000,Member donation
2025-11-29 23:32:48,76638,donation,Gold,2000000,Member donation
2025-11-29 23:32:37,76638,donation,Gold,800000,Member donation
2025-11-29 23:32:29,76638,donation,Gold,20000,Member donation
2025-11-29 23:32:21,76638,donation,Gold,500,Member donation
2025-11-29 23:32:13,76638,donation,Gold,229,Member donation
2025-11-29 22:21:09,36260,donation,Gold,10000,Member donation
2025-11-29 22:21:08,36260,donation,Gold,10000,Member donation
2025-11-29 22:21:07,36260,donation,Gold,10000,Member donation
2025-11-29 22:21:06,36260,donation,Gold,10000,Member donation
2025-11-29 22:21:04,36260,donation,Gold,10000,Member donation
2025-11-29 22:21:02,36260,donation,Gold,10000,Member donation
2025-11-29 22:21:00,36260,donation,Gold,10000,Member donation
2025-11-29 22:20:58,36260,donation,Gold,10000,Member donation
2025-11-29 22:20:57,36260,donation,Gold,10000,Member donation
2025-11-29 22:20:54,36260,donation,Gold,10000,Member donation
2025-11-29 22:04:23,91337,donation,Gold,1000000,Member donation
2025-11-29 10:06:06,67206,donation,Gold,1000000,Member donation
2025-11-29 05:34:41,77680,donation,Gold,817254,Member donation
2025-11-29 01:01:09,76694,donation,Gold,3850906,Member donation
2025-11-29 00:19:31,52862,donation,Gold,300000,Member donation
2025-11-28 23:53:12,43275,donation,Gold,11111,Member donation
2025-11-28 22:42:12,45752,donation,Gold,2000000,Member donation
2025-11-28 22:19:06,91337,donation,Gold,1000000,Member donation
2025-11-28 21:21:36,67206,donation,Gold,100000,Member donation
2025-11-28 20:49:38,76638,donation,Gold,400000,Member donation
2025-11-28 20:49:28,76638,donation,Gold,3500000,Member donation
2025-11-28 18:05:05,100443,donation,Gold,100000,Member donation
2025-11-28 15:31:37,77533,donation,Gold,2000000,Member donation
2025-11-28 14:23:23,43275,donation,Gold,800000,Member donation
2025-11-28 14:04:07,71342,donation,Gold,200000,Member donation
2025-11-28 13:57:38,71342,donation,Gold,800000,Member donation
2025-11-28 12:58:33,80572,donation,Gold,6000000,Member donation
2025-11-28 11:24:23,93112,donation,Gold,5000000,Member donation
2025-11-28 09:35:47,67206,donation,Gold,200000,Member donation
2025-11-28 07:55:54,77837,donation,Gold,2000000,Member donation
2025-11-28 04:01:21,76694,donation,Gold,6000000,Member donation
2025-11-28 03:32:46,45752,donation,Gold,2000000,Member donation
2025-11-27 23:02:03,75736,donation,Gold,6000000,Member donation
2025-11-27 22:42:46,36260,donation,Gold,3000000,Member donation
2025-11-27 22:24:26,77837,donation,Gold,2000000,Member donation
2025-11-27 18:01:32,45752,donation,Gold,2000000,Member donation
2025-11-27 14:49:42,43275,donation,Gold,5588891,Member donation
2025-11-27 10:53:08,91337,donation,Gold,1000000,Member donation
2025-11-27 10:23:36,67206,donation,Gold,800000,Member donation
2025-11-27 02:56:27,52293,donation,Gold,2000000,Member donation
2025-11-27 00:02:14,79595,donation,Gold,9999999,Member donation
2025-11-26 20:19:59,79059,donation,Gold,1000000,Member donation
2025-11-26 20:07:41,52862,donation,Gold,500000,Member donation
2025-11-26 19:49:00,79435,donation,Gold,2000000,Member donation
2025-11-26 19:38:48,56877,donation,Gold,5000000,Member donation
2025-11-25 23:06:01,45752,donation,Gold,1000000,Member donation
2025-11-25 20:55:32,71342,donation,Gold,991946,Member donation
2025-11-25 16:28:55,100567,donation,Gold,2919164,Member donation
2025-11-25 14:44:57,100021,donation,Gold,4000000,Member donation
2025-11-25 14:39:35,100443,donation,Gold,6000000,Member donation
2025-11-25 13:10:13,87870,donation,Gold,6000000,Member donation
2025-11-25 12:48:58,76638,donation,Gold,2000000,Member donation
2025-11-25 09:02:16,21480,donation,Gold,1000000,Member donation
2025-11-25 08:06:01,76638,donation,Gold,100000,Member donation
2025-11-25 08:05:39,76638,donation,Gold,2000,Member donation
2025-11-25 06:58:50,69508,donation,Gold,98000,Member donation
2025-11-25 01:41:48,43275,donation,Gold,2000000,Member donation
2025-11-25 01:09:13,88460,donation,Gold,500000,Member donation
2025-11-25 01:07:47,38610,donation,Gold,4000000,Member donation
2025-11-25 00:39:57,52862,donation,Gold,100000,Member donation
2025-11-24 23:35:19,76694,donation,Gold,1000000,Member donation
2025-11-24 12:43:21,77680,donation,Gems,2,Member donation
2025-11-24 12:43:00,77680,donation,Gold,700000,Member donation
2025-11-23 22:10:50,77837,donation,Gold,1000000,Member donation
2025-11-23 21:52:16,76638,donation,Gold,2000,Member donation
2025-11-23 21:52:11,76638,donation,Gold,100,Member donation
2025-11-23 21:52:06,76638,donation,Gold,47,Member donation
2025-11-23 21:51:23,76638,donation,Gold,243575,Member donation
2025-11-23 09:28:07,52465,donation,Gems,1,Member donation
2025-11-23 09:27:59,52465,donation,Gems,1,Member donation
2025-11-23 09:27:48,52465,donation,Gems,1,Member donation
2025-11-23 09:27:44,52465,donation,Gems,1,Member donation
2025-11-23 09:27:42,52465,donation,Gems,1,Member donation
2025-11-23 09:27:38,52465,donation,Gems,1,Member donation
2025-11-23 09:27:34,52465,donation,Gems,1,Member donation
2025-11-23 09:27:28,52465,donation,Gems,1,Member donation
2025-11-23 09:27:25,52465,donation,Gems,1,Member donation
2025-11-23 09:27:21,52465,donation,Gems,1,Member donation
2025-11-23 09:27:05,52465,donation,Gems,1,Member donation
2025-11-23 09:27:00,52465,donation,Gems,1,Member donation
2025-11-23 09:26:57,52465,donation,Gems,1,Member donation
2025-11-23 09:26:54,52465,donation,Gems,1,Member donation
2025-11-23 09:26:51,52465,donation,Gems,1,Member donation
2025-11-23 09:26:47,52465,donation,Gems,1,Member donation
2025-11-23 09:26:45,52465,donation,Gems,1,Member donation
2025-11-23 09:26:18,52465,donation,Gems,1,Member donation
2025-11-23 09:26:15,52465,donation,Gems,1,Member donation
2025-11-23 09:26:12,52465,donation,Gems,1,Member donation
2025-11-23 09:26:08,52465,donation,Gems,1,Member donation
2025-11-23 09:26:05,52465,donation,Gems,1,Member donation
2025-11-23 09:26:01,52465,donation,Gems,1,Member donation
2025-11-23 09:25:57,52465,donation,Gems,1,Member donation
2025-11-23 09:25:53,52465,donation,Gems,1,Member donation
2025-11-23 09:25:49,52465,donation,Gems,1,Member donation
2025-11-23 09:25:46,52465,donation,Gems,1,Member donation
2025-11-23 09:25:42,52465,donation,Gems,1,Member donation
2025-11-23 09:25:38,52465,donation,Gems,1,Member donation
2025-11-23 09:25:34,52465,donation,Gems,1,Member donation
2025-11-23 09:25:30,52465,donation,Gems,1,Member donation
2025-11-23 09:25:27,52465,donation,Gems,1,Member donation
2025-11-23 09:22:48,52465,donation,Gold,10000,Member donation
2025-11-23 09:22:46,52465,donation,Gold,10000,Member donation
2025-11-23 09:22:45,52465,donation,Gold,10000,Member donation
2025-11-23 09:22:43,52465,donation,Gold,10000,Member donation
2025-11-23 09:22:42,52465,donation,Gold,10000,Member donation
2025-11-23 09:22:40,52465,donation,Gold,10000,Member donation
2025-11-23 09:22:39,52465,donation,Gold,10000,Member donation
2025-11-23 09:22:37,52465,donation,Gold,10000,Member donation
2025-11-23 09:22:36,52465,donation,Gold,10000,Member donation
2025-11-23 09:22:35,52465,donation,Gold,10000,Member donation
2025-11-23 09:22:18,52465,donation,Gold,10000,Member donation
2025-11-23 09:22:16,52465,donation,Gold,10000,Member donation
2025-11-23 09:22:14,52465,donation,Gold,10000,Member donation
2025-11-23 09:22:13,52465,donation,Gold,10000,Member donation
2025-11-23 09:22:11,52465,donation,Gold,10000,Member donation
2025-11-23 09:22:10,52465,donation,Gold,10000,Member donation
2025-11-23 09:22:09,52465,donation,Gold,10000,Member donation
2025-11-23 09:22:08,52465,donation,Gold,10000,Member donation
2025-11-23 09:22:06,52465,donation,Gold,10000,Member donation
2025-11-23 09:22:05,52465,donation,Gold,10000,Member donation
2025-11-23 09:22:03,52465,donation,Gold,10000,Member donation
2025-11-23 09:22:02,52465,donation,Gold,10000,Member donation
2025-11-23 09:22:00,52465,donation,Gold,10000,Member donation
2025-11-23 09:21:59,52465,donation,Gold,10000,Member donation
2025-11-23 09:21:57,52465,donation,Gold,10000,Member donation
2025-11-23 09:21:56,52465,donation,Gold,10000,Member donation
2025-11-23 09:21:54,52465,donation,Gold,10000,Member donation
2025-11-23 09:21:53,52465,donation,Gold,10000,Member donation
2025-11-23 09:21:51,52465,donation,Gold,10000,Member donation
2025-11-23 09:21:45,52465,donation,Gold,10000,Member donation
2025-11-23 09:21:43,52465,donation,Gold,10000,Member donation
2025-11-23 09:21:42,52465,donation,Gold,10000,Member donation
2025-11-23 09:21:40,52465,donation,Gold,10000,Member donation
2025-11-23 09:21:37,52465,donation,Gold,10000,Member donation
2025-11-23 09:21:35,52465,donation,Gold,10000,Member donation
2025-11-23 09:21:33,52465,donation,Gold,10000,Member donation
2025-11-23 09:21:31,52465,donation,Gold,10000,Member donation
2025-11-23 09:21:29,52465,donation,Gold,10000,Member donation
2025-11-23 09:21:28,52465,donation,Gold,10000,Member donation
2025-11-23 09:21:26,52465,donation,Gold,10000,Member donation
2025-11-23 09:19:40,52465,donation,Gold,100000,Member donation
2025-11-23 09:19:13,52465,donation,Gold,200000,Member donation
2025-11-23 09:18:54,52465,donation,Gold,10000,Member donation
2025-11-23 09:18:53,52465,donation,Gold,10000,Member donation
2025-11-23 09:18:51,52465,donation,Gold,10000,Member donation
2025-11-23 09:18:50,52465,donation,Gold,10000,Member donation
2025-11-23 09:18:48,52465,donation,Gold,10000,Member donation
2025-11-23 09:18:46,52465,donation,Gold,10000,Member donation
2025-11-23 09:18:45,52465,donation,Gold,10000,Member donation
2025-11-23 09:18:43,52465,donation,Gold,10000,Member donation
2025-11-23 09:18:41,52465,donation,Gold,10000,Member donation
2025-11-23 09:18:39,52465,donation,Gold,10000,Member donation
2025-11-23 09:18:37,52465,donation,Gold,10000,Member donation
2025-11-23 09:18:36,52465,donation,Gold,10000,Member donation
2025-11-23 09:18:34,52465,donation,Gold,10000,Member donation
2025-11-23 09:18:32,52465,donation,Gold,10000,Member donation
2025-11-23 09:18:31,52465,donation,Gold,10000,Member donation
2025-11-23 09:18:29,52465,donation,Gold,10000,Member donation
2025-11-23 09:18:28,52465,donation,Gold,10000,Member donation
2025-11-23 09:18:27,52465,donation,Gold,10000,Member donation
2025-11-23 09:18:26,52465,donation,Gold,10000,Member donation
2025-11-23 09:18:23,52465,donation,Gold,10000,Member donation
2025-11-23 05:28:46,45752,donation,Gold,2000000,Member donation
2025-11-22 23:45:33,76638,donation,Gold,2062330,Member donation
2025-11-22 23:25:11,77837,donation,Gold,1000000,Member donation
2025-11-22 23:23:05,52862,donation,Gold,300000,Member donation
2025-11-22 23:00:25,69508,donation,Gold,667301,Member donation
2025-11-22 22:37:23,77837,donation,Gold,1000000,Member donation
2025-11-22 21:51:53,76638,donation,Gold,201657,Member donation
2025-11-22 12:23:08,76638,donation,Gold,322990,Member donation
2025-11-22 12:22:48,76638,donation,Gold,2000000,Member donation
2025-11-21 22:32:38,45752,donation,Gold,2000000,Member donation
2025-11-21 18:21:46,9746,donation,Gold,4000000,Member donation
2025-11-21 17:38:36,75736,donation,Gold,1000000,Member donation
2025-11-21 17:37:36,75736,donation,Gold,97,Member donation
2025-11-21 17:37:24,75736,donation,Gold,400,Member donation
2025-11-21 17:37:12,75736,donation,Gold,4000,Member donation
2025-11-21 17:36:59,75736,donation,Gold,200000,Member donation
2025-11-21 17:36:49,75736,donation,Gold,20000,Member donation
2025-11-21 15:39:40,76638,donation,Gold,775503,Member donation
2025-11-21 03:10:07,76694,donation,Gold,3900000,Member donation
2025-11-21 03:09:33,76694,donation,Gold,36768,Member donation
2025-11-20 23:28:31,69508,donation,Gold,339654,Member donation
2025-11-20 23:10:20,52862,donation,Gold,100000,Member donation
2025-11-20 23:02:55,45752,donation,Gold,2000000,Member donation
2025-11-20 21:45:44,76638,donation,Gold,1596136,Member donation
2025-11-20 19:35:52,52862,donation,Gold,10000,Member donation
2025-11-20 19:35:50,52862,donation,Gold,10000,Member donation
2025-11-20 19:35:48,52862,donation,Gold,10000,Member donation
2025-11-20 02:02:15,89634,donation,Gold,1000,Member donation
2025-11-20 02:02:13,89634,donation,Gold,1000,Member donation
2025-11-19 22:51:35,36260,donation,Gold,1000000,Member donation
2025-11-19 22:51:16,36260,donation,Gold,1000000,Member donation
2025-11-19 22:49:04,77680,donation,Gold,2000000,Member donation
2025-11-19 22:46:44,52862,donation,Gold,50000,Member donation
2025-11-19 22:38:05,77837,donation,Gold,1000000,Member donation
2025-11-19 21:08:31,45752,donation,Gold,1500000,Member donation
2025-11-19 19:33:47,67206,donation,Gold,300000,Member donation
2025-11-19 14:56:03,76694,donation,Gold,5000000,Member donation
2025-11-19 12:50:56,56877,donation,Gold,5000000,Member donation
2025-11-19 12:08:59,79595,donation,Gold,2999999,Member donation
2025-11-19 09:49:17,69508,donation,Gold,100000,Member donation
2025-11-18 22:38:28,52862,donation,Gold,50000,Member donation
2025-11-18 21:06:10,76638,donation,Gold,151691,Member donation
2025-11-18 13:55:54,67206,donation,Gold,100000,Member donation
2025-11-17 21:56:13,19197,donation,Gold,1000000,Member donation
2025-11-17 20:35:44,76638,donation,Gold,84752,Member donation
2025-11-17 14:05:56,105377,donation,Gems,200,Member donation
2025-11-17 14:05:48,105377,donation,Gems,500,Member donation
2025-11-17 01:16:23,89634,donation,Gold,1000,Member donation
2025-11-17 01:16:21,89634,donation,Gold,1000,Member donation
2025-11-17 01:16:20,89634,donation,Gold,1000,Member donation
2025-11-17 00:25:05,52862,donation,Gold,10000,Member donation
2025-11-16 22:52:41,52862,donation,Gold,10000,Member donation
2025-11-16 22:52:39,52862,donation,Gold,10000,Member donation
2025-11-16 11:37:23,69508,donation,Gold,100000,Member donation
2025-11-16 00:52:57,52862,donation,Gold,30000,Member donation
2025-11-16 00:09:52,89634,donation,Gold,1000,Member donation
2025-11-16 00:09:51,89634,donation,Gold,1000,Member donation
2025-11-15 23:50:15,14115,donation,Gold,3000000,Member donation
2025-11-15 22:31:23,77837,donation,Gold,500000,Member donation
2025-11-15 21:21:10,45752,donation,Gold,1000000,Member donation
2025-11-15 13:55:06,89634,donation,Gold,1000,Member donation
2025-11-15 13:54:53,89634,donation,Gold,1000,Member donation
2025-11-15 13:54:52,89634,donation,Gold,1000,Member donation
2025-11-15 13:54:50,89634,donation,Gold,1000,Member donation
2025-11-15 13:54:48,89634,donation,Gold,1000,Member donation
2025-11-15 13:54:45,89634,donation,Gold,1000,Member donation
2025-11-15 11:24:42,69508,donation,Gold,58000,Member donation
2025-11-15 10:50:53,67206,donation,Gold,1000000,Member donation
2025-11-15 04:31:29,65425,donation,Gold,10000,Member donation
2025-11-15 04:31:26,65425,donation,Gold,10000,Member donation
2025-11-15 04:31:05,65425,donation,Gold,10000,Member donation
2025-11-15 04:30:54,65425,donation,Gold,10000,Member donation
2025-11-15 04:30:41,65425,donation,Gold,10000,Member donation
2025-11-15 03:22:45,45752,donation,Gold,1500000,Member donation
2025-11-14 23:41:05,77837,donation,Gold,600000,Member donation
2025-11-14 22:37:07,52862,donation,Gold,80000,Member donation
2025-11-14 22:34:08,38610,donation,Gold,1200000,Member donation
2025-11-14 15:38:14,45752,donation,Gold,1500000,Member donation
2025-11-14 12:23:04,75736,donation,Gold,500000,Member donation
2025-11-14 11:52:14,77837,donation,Gold,500000,Member donation
2025-11-14 11:41:14,76638,donation,Gold,2000000,Member donation
2025-11-14 10:51:45,91337,donation,Gold,1000000,Member donation
2025-11-14 08:35:10,43275,donation,Gold,2000000,Member donation
2025-11-14 07:58:06,75736,donation,Gold,5,Member donation
2025-11-14 07:57:57,75736,donation,Gold,300,Member donation
2025-11-14 07:57:42,75736,donation,Gold,9000,Member donation
2025-11-14 07:57:25,75736,donation,Gold,10000,Member donation
2025-11-14 07:57:17,75736,donation,Gold,600000,Member donation
2025-11-14 07:56:54,75736,donation,Gold,800000,Member donation
2025-11-14 06:55:23,98204,donation,Gold,46053,Member donation
2025-11-14 06:35:11,91337,donation,Gold,1000000,Member donation
2025-11-14 05:15:44,78354,donation,Gold,4081116,Member donation
2025-11-14 05:00:21,80404,donation,Gold,300000,Member donation
2025-11-14 04:45:09,71342,donation,Gold,1694858,Member donation
2025-11-14 04:00:43,69508,donation,Gold,228668,Member donation
2025-11-14 02:02:02,67206,donation,Gold,2000000,Member donation
2025-11-14 01:24:02,14115,donation,Gold,3000000,Member donation
2025-11-14 00:22:21,52862,donation,Gold,85000,Member donation
2025-11-14 00:21:34,52862,donation,Gold,100000,Member donation
2025-11-13 21:21:31,5597,donation,Gems,100,Member donation
2025-11-13 21:21:09,5597,donation,Gold,10000000,Member donation
2025-11-13 20:51:28,56877,donation,Gold,5000000,Member donation
2025-11-13 19:53:15,77533,donation,Gold,3000000,Member donation
2025-11-13 19:51:53,96328,donation,Gold,5000000,Member donation
2025-11-13 19:08:15,69508,donation,Gold,45000,Member donation
2025-11-13 19:07:50,69508,donation,Gold,500000,Member donation
2025-11-13 19:05:08,105769,donation,Gold,1000000,Member donation
2025-11-13 19:04:33,79435,donation,Gold,1000000,Member donation
2025-11-13 19:04:06,79435,donation,Gold,2000000,Member donation
2025-11-13 17:13:56,75736,donation,Gold,5,Member donation
2025-11-13 17:13:51,75736,donation,Gold,50,Member donation
2025-11-13 17:13:45,75736,donation,Gold,6000,Member donation
2025-11-13 17:13:34,75736,donation,Gold,300000,Member donation
2025-11-13 17:13:12,75736,donation,Gold,480000,Member donation
2025-11-13 16:16:29,62327,donation,Gold,5000000,Member donation
2025-11-13 16:02:36,59841,donation,Gold,2000000,Member donation
2025-11-13 15:26:56,19197,donation,Gold,4000000,Member donation
2025-11-13 15:26:40,19197,donation,Gold,1000000,Member donation
2025-11-13 14:44:10,87870,donation,Gold,5000000,Member donation
2025-11-13 14:01:14,80572,donation,Gold,1000000,Member donation
2025-11-13 13:58:48,77533,donation,Gold,3000000,Member donation
2025-11-13 13:51:29,79259,donation,Gold,5000000,Member donation
2025-11-13 13:48:31,100443,donation,Gold,1000000,Member donation
2025-11-13 13:48:02,100084,donation,Gold,1044263,Member donation
2025-11-13 13:47:29,77837,donation,Gold,500000,Member donation
2025-11-13 13:46:37,100443,donation,Gold,169682,Member donation
2025-11-13 13:45:29,100443,donation,Gold,750000,Member donation
2025-11-13 13:45:13,76694,donation,Gold,5000000,Member donation
2025-11-13 13:40:05,100769,donation,Gold,5000000,Member donation
2025-11-13 13:29:24,11655,donation,Gold,2500000,Member donation
2025-11-13 13:28:56,11655,donation,Gold,250000,Member donation
2025-11-13 13:26:51,82134,donation,Gold,4500000,Member donation
2025-11-13 13:26:18,82134,donation,Gold,1000000,Member donation
2025-11-13 13:12:47,88460,donation,Gold,10000000,Member donation
2025-11-13 13:10:10,79059,donation,Gold,5000000,Member donation
2025-11-13 13:09:39,81130,donation,Gold,5000000,Member donation
2025-11-13 12:57:30,9746,donation,Gold,3000000,Member donation
2025-11-13 12:32:33,79595,donation,Gold,5000000,Member donation
2025-11-13 12:28:15,36260,donation,Gold,2000000,Member donation
2025-11-13 12:24:31,52293,donation,Gold,1000000,Member donation
2025-11-13 12:21:52,76638,donation,Gems,3,Member donation
2025-11-13 12:21:23,76638,donation,Gold,5000000,Member donation
2025-11-13 12:21:21,93112,donation,Gold,5000000,Member donation
2025-11-13 12:21:04,90465,donation,Gold,10000000,Member donation
2025-11-13 12:20:57,76638,donation,Gold,1479265,Member donation
2025-11-13 12:17:41,38610,donation,Gold,1800000,Member donation
2025-11-13 12:15:44,100340,donation,Gold,2297019,Member donation
2025-11-13 12:09:06,52293,donation,Gold,1000000,Member donation
2025-11-13 12:04:15,91337,donation,Gold,500000,Member donation
2025-11-13 11:59:27,91337,donation,Gold,500000,Member donation
2025-11-13 11:50:20,100567,donation,Gold,5000000,Member donation
2025-11-13 11:47:51,43275,donation,Gold,10000000,Member donation
2025-11-13 11:25:16,67206,donation,Gold,1000000,Member donation
2025-11-13 11:20:44,45752,donation,Gold,1000000,Member donation
2025-11-13 11:17:43,69508,donation,Gold,716,Member donation
2025-11-13 11:17:35,52862,donation,Gold,20000,Member donation
2025-11-13 11:17:28,69508,donation,Gold,3000,Member donation
2025-11-13 11:17:03,69508,donation,Gold,10000,Member donation
2025-11-13 11:17:02,69508,donation,Gold,10000,Member donation
2025-11-13 11:14:29,79435,donation,Gold,3000000,Member donation
2025-11-13 11:10:12,100021,donation,Gold,10000000,Member donation
2025-11-13 11:09:57,69508,donation,Gold,100000,Member donation
2025-11-13 11:09:57,52862,donation,Gold,30000,Member donation
2025-11-13 11:09:37,69508,donation,Gold,50000,Member donation
2025-11-13 05:24:05,71342,donation,Gold,180000,Member donation
2025-11-13 01:22:28,67206,donation,Gold,200000,Member donation
2025-11-13 00:05:22,45752,donation,Gold,800000,Member donation
2025-11-12 23:29:39,107735,donation,Gold,3000000,Member donation
2025-11-12 23:19:27,77837,donation,Gold,100000,Member donation
2025-11-12 17:51:54,52862,donation,Gold,20000,Member donation
2025-11-12 14:38:30,67206,donation,Gold,100000,Member donation
2025-11-12 11:57:11,36260,donation,Gold,50000,Member donation
2025-11-12 11:56:50,36260,donation,Gold,100000,Member donation
2025-11-12 10:46:46,59841,donation,Gold,3000000,Member donation
2025-11-12 00:29:52,45752,donation,Gold,450000,Member donation
2025-11-11 22:19:34,77837,donation,Gold,100000,Member donation
2025-11-11 22:19:13,77837,donation,Gold,100000,Member donation
2025-11-11 20:34:57,76638,donation,Gold,150000,Member donation
2025-11-11 20:34:43,76638,donation,Gold,8000,Member donation
2025-11-11 20:34:37,76638,donation,Gold,980,Member donation
2025-11-11 17:53:08,69508,donation,Gold,30000,Member donation
2025-11-11 12:14:27,78435,donation,Gold,1000,Member donation
2025-11-11 00:30:31,52862,donation,Gold,10000,Member donation
2025-11-10 13:46:05,79059,donation,Gold,100000,Member donation
2025-11-09 23:39:47,52465,donation,Gems,7,Member donation
2025-11-09 23:39:47,52465,donation,Gold,20,Member donation
2025-11-09 23:17:48,45752,donation,Gold,200000,Member donation
2025-11-09 21:12:29,71342,donation,Gold,490000,Member donation
2025-11-09 19:05:12,52862,donation,Gold,10000,Member donation
2025-11-08 22:35:56,75736,donation,Gold,900000,Member donation
2025-11-08 22:35:36,75736,donation,Gold,20000,Member donation
2025-11-08 20:42:51,52862,donation,Gold,10000,Member donation
2025-11-08 19:47:26,52862,donation,Gold,10000,Member donation
2025-11-08 17:00:22,67206,donation,Gold,100000,Member donation
2025-11-08 16:59:45,67206,donation,Gold,100000,Member donation
2025-11-08 15:57:18,76638,donation,Gold,8610,Member donation
2025-11-08 15:56:28,76638,donation,Gold,70,Member donation
2025-11-08 14:24:53,43275,donation,Gold,3851320,Member donation
2025-11-08 09:19:36,77680,donation,Gold,140000,Member donation
2025-11-08 00:13:38,52862,donation,Gold,10000,Member donation
2025-11-07 23:48:50,45752,donation,Gold,200000,Member donation
2025-11-07 15:17:18,76638,donation,Gems,2,Member donation
2025-11-07 13:06:37,67206,donation,Gold,100000,Member donation
2025-11-07 10:46:02,69508,donation,Gold,50000,Member donation
2025-11-06 23:53:30,75736,donation,Gold,80000,Member donation
2025-11-06 18:54:17,52862,donation,Gold,10000,Member donation
2025-11-05 23:12:37,52862,donation,Gold,10000,Member donation
2025-11-05 22:20:49,76638,donation,Gold,9000,Member donation
2025-11-05 20:05:37,80880,donation,Gold,200000,Member donation
2025-11-05 20:05:27,80880,donation,Gold,10000,Member donation
2025-11-05 20:05:26,80880,donation,Gold,10000,Member donation
2025-11-05 20:05:25,80880,donation,Gold,10000,Member donation
2025-11-05 20:05:23,80880,donation,Gold,10000,Member donation
2025-11-05 20:05:22,80880,donation,Gold,10000,Member donation
2025-11-05 20:05:21,80880,donation,Gold,10000,Member donation
2025-11-05 17:51:07,56877,donation,Gold,1000000,Member donation
2025-11-05 15:25:23,77680,donation,Gold,100000,Member donation
2025-11-05 14:31:08,45752,donation,Gold,300000,Member donation
2025-11-05 13:49:32,93241,donation,Gold,1000,Member donation
2025-11-05 10:57:14,69508,donation,Gold,10000,Member donation
2025-11-05 10:57:13,69508,donation,Gold,10000,Member donation
2025-11-05 10:57:11,69508,donation,Gold,10000,Member donation
2025-11-05 05:15:07,5597,donation,Gems,213,Member donation
2025-11-05 05:14:39,5597,donation,Gold,200000,Member donation
2025-11-05 00:11:31,75736,donation,Gold,20000,Member donation
2025-11-04 23:29:27,52862,donation,Gold,10000,Member donation
2025-11-04 22:56:32,62327,donation,Gold,1000000,Member donation
2025-11-04 15:10:25,67206,donation,Gold,50000,Member donation
2025-11-03 23:39:17,52862,donation,Gold,10000,Member donation
2025-11-03 22:43:11,93410,donation,Gold,10000,Member donation
2025-11-03 18:39:14,76638,donation,Gold,10000,Member donation
2025-11-03 18:39:06,76638,donation,Gold,2022,Member donation
2025-11-03 13:38:55,80880,donation,Gold,100000,Member donation
2025-11-03 03:29:02,80572,donation,Gold,500000,Member donation
2025-11-03 00:13:27,45752,donation,Gold,140000,Member donation
2025-11-02 19:21:18,52862,donation,Gold,10000,Member donation
2025-11-02 17:48:30,69508,donation,Gold,10000,Member donation
2025-11-02 17:48:28,69508,donation,Gold,10000,Member donation
2025-11-02 17:48:27,69508,donation,Gold,10000,Member donation
2025-11-02 14:25:37,80828,donation,Gems,445,Member donation
2025-11-02 14:25:37,80828,donation,Gold,1495978,Member donation
2025-11-02 08:18:19,90979,donation,Gold,1000,Member donation
2025-11-02 08:18:03,90979,donation,Gold,1000,Member donation
2025-11-02 00:43:08,93517,donation,Gold,10000,Member donation
2025-11-01 22:30:36,71342,donation,Gold,440000,Member donation
2025-11-01 21:40:51,76638,donation,Gold,2000,Member donation
2025-11-01 21:40:44,76638,donation,Gold,800,Member donation
2025-11-01 21:34:08,71342,donation,Gold,347200,Member donation
2025-10-31 23:49:34,52862,donation,Gold,10000,Member donation
2025-10-31 22:20:04,67206,donation,Gold,300000,Member donation
2025-10-31 21:14:40,77680,donation,Gold,100000,Member donation
2025-10-31 19:55:30,76638,donation,Gold,70000,Member donation
2025-10-31 19:27:23,52862,donation,Gold,10000,Member donation
2025-10-31 18:18:45,69508,donation,Gold,10000,Member donation
2025-10-31 18:18:42,69508,donation,Gold,10000,Member donation
2025-10-31 16:02:48,76638,donation,Gold,20000,Member donation
2025-10-31 16:02:35,76638,donation,Gold,8000,Member donation
2025-10-31 16:02:29,76638,donation,Gold,600,Member donation
2025-10-31 16:02:25,76638,donation,Gold,30,Member donation
2025-10-31 16:02:18,76638,donation,Gold,3,Member donation
2025-10-31 01:12:56,71342,donation,Gold,69000,Member donation
2025-10-31 01:12:46,71342,donation,Gold,300,Member donation
2025-10-31 01:12:38,71342,donation,Gold,67,Member donation
2025-10-31 00:57:26,52862,donation,Gold,1000,Member donation
2025-10-31 00:57:24,52862,donation,Gold,1000,Member donation
2025-10-30 19:57:01,77680,donation,Gold,100000,Member donation
2025-10-30 18:18:00,5597,donation,Gold,100000,Member donation
2025-10-30 17:17:44,107735,donation,Gold,100000,Member donation
2025-10-30 16:34:23,45752,donation,Gold,400000,Member donation
2025-10-30 13:30:39,100084,donation,Gold,600000,Member donation
2025-10-30 10:29:25,76638,donation,Gold,10000,Member donation
2025-10-30 10:29:17,76638,donation,Gold,3000,Member donation
2025-10-30 10:29:10,76638,donation,Gold,300,Member donation
2025-10-30 10:29:04,76638,donation,Gold,80,Member donation
2025-10-30 10:28:55,76638,donation,Gold,9,Member donation
2025-10-30 06:31:58,69508,donation,Gold,10000,Member donation
2025-10-30 01:33:07,71342,donation,Gold,76611,Member donation
2025-10-29 23:14:08,45752,donation,Gold,100000,Member donation
2025-10-29 00:32:45,59841,donation,Gold,1000000,Member donation
2025-10-28 19:31:30,67206,donation,Gold,200000,Member donation
2025-10-28 09:47:11,76638,donation,Gold,30000,Member donation
2025-10-28 09:46:59,76638,donation,Gold,8000,Member donation
2025-10-28 09:46:51,76638,donation,Gold,500,Member donation
2025-10-28 09:46:45,76638,donation,Gold,70,Member donation
2025-10-28 09:46:40,76638,donation,Gold,4,Member donation
2025-10-28 04:47:29,45752,donation,Gold,40000,Member donation
2025-10-28 01:14:51,45752,donation,Gold,60000,Member donation
2025-10-27 23:43:57,71342,donation,Gold,161426,Member donation
2025-10-27 16:35:26,76638,donation,Gold,9000,Member donation
2025-10-27 16:35:10,76638,donation,Gold,30,Member donation
2025-10-27 16:35:03,76638,donation,Gold,1,Member donation
2025-10-26 11:45:50,45752,donation,Gold,50000,Member donation
2025-10-26 05:44:26,45702,donation,Gems,1100,Member donation
2025-10-26 05:44:26,45702,donation,Gold,120000,Member donation
2025-10-25 23:34:18,38610,donation,Gold,300000,Member donation
2025-10-25 21:44:52,69508,donation,Gold,10000,Member donation
2025-10-25 21:44:51,69508,donation,Gold,10000,Member donation
2025-10-25 21:44:44,69508,donation,Gold,10000,Member donation
2025-10-25 21:24:35,90837,donation,Gold,10000,Member donation
2025-10-25 13:33:34,77680,donation,Gold,10000,Member donation
2025-10-25 13:33:24,77680,donation,Gold,10000,Member donation
2025-10-25 11:02:44,80880,donation,Gold,100000,Member donation
2025-10-25 03:38:06,45752,donation,Gold,40000,Member donation
2025-10-24 06:38:37,90837,donation,Gold,10000,Member donation
2025-10-23 19:10:58,69508,donation,Gold,10000,Member donation
2025-10-23 14:22:30,45702,donation,Gold,5000,Member donation
2025-10-23 14:22:12,45702,donation,Gems,10,Member donation
2025-10-23 14:22:10,45702,donation,Gems,10,Member donation
2025-10-23 14:22:07,45702,donation,Gold,10000,Member donation
2025-10-23 03:17:15,45752,donation,Gold,10000,Member donation
2025-10-23 03:17:13,45752,donation,Gold,10000,Member donation
2025-10-22 12:28:14,90837,donation,Gold,10000,Member donation
2025-10-22 12:27:53,90837,donation,Gold,10000,Member donation
2025-10-22 11:07:59,45752,donation,Gems,10,Member donation
2025-10-22 11:07:24,45752,donation,Gems,10,Member donation
2025-10-22 11:07:23,45752,donation,Gems,10,Member donation
2025-10-22 11:06:59,45752,donation,Gold,10000,Member donation
2025-10-22 01:19:45,93410,donation,Gold,10000,Member donation
2025-10-22 01:19:43,93410,donation,Gold,9000,Member donation
2025-10-22 00:38:35,59841,donation,Gold,6969,Member donation
2025-10-21 21:54:37,45702,donation,Gold,10000,Member donation
2025-10-21 21:54:23,45702,donation,Gems,10,Member donation
2025-10-21 21:09:37,90837,donation,Gold,10000,Member donation
2025-10-21 16:41:54,76638,donation,Gold,9000,Member donation
2025-10-21 09:50:33,103808,donation,Gold,1000,Member donation
2025-10-21 03:17:25,69508,donation,Gold,10000,Member donation
2025-10-20 09:19:09,76638,donation,Gold,2000,Member donation
2025-10-20 09:18:58,76638,donation,Gold,800,Member donation
2025-10-20 09:18:52,76638,donation,Gold,95,Member donation
2025-10-20 02:12:26,67206,donation,Gold,5,Member donation
2025-10-19 22:54:57,100443,donation,Gold,100,Member donation
2025-10-19 22:53:01,100443,donation,Gold,5000,Member donation
2025-10-19 22:52:30,100443,donation,Gold,999,Member donation
2025-10-19 22:52:17,100443,donation,Gold,1,Member donation
2025-10-19 21:21:01,76638,donation,Gold,200,Member donation
2025-10-19 21:20:53,76638,donation,Gold,40,Member donation
2025-10-19 21:20:40,76638,donation,Gold,1,Member donation
2025-10-19 20:12:56,93410,donation,Gold,5000,Member donation
2025-10-19 16:54:18,45752,donation,Gold,30000,Member donation
2025-10-19 16:53:50,67206,donation,Gold,400000,Member donation
2025-10-19 09:03:58,80459,donation,Gold,100000,Member donation
2025-10-18 20:58:56,43275,donation,Gems,1070,Member donation
2025-10-18 20:58:56,43275,donation,Gold,42608,Member donation
2025-10-18 20:58:09,45702,donation,Gems,10,Member donation
2025-10-18 20:57:56,45702,donation,Gold,10000,Member donation
2025-10-18 20:57:54,45702,donation,Gold,10000,Member donation
2025-10-18 20:56:20,43275,donation,Gold,1143082,Member donation
2025-10-18 18:23:46,59841,donation,Gold,69,Member donation
2025-10-18 13:45:28,65425,donation,Gold,10000,Member donation
2025-10-18 13:45:02,65425,donation,Gold,10000,Member donation
2025-10-18 13:33:50,100443,donation,Gold,1,Member donation
2025-10-18 13:33:37,100443,donation,Gold,999,Member donation
2025-10-18 13:33:27,100443,donation,Gold,1000,Member donation
2025-10-18 13:33:20,100443,donation,Gold,1000,Member donation
2025-10-18 13:33:11,100443,donation,Gold,100,Member donation
2025-10-18 13:33:02,100443,donation,Gold,4,Member donation
2025-10-18 09:16:09,77680,donation,Gold,10000,Member donation
2025-10-18 07:28:02,21480,donation,Gold,10000,Member donation
2025-10-18 07:28:00,21480,donation,Gold,10000,Member donation
2025-10-18 07:27:58,21480,donation,Gold,10000,Member donation
2025-10-18 05:13:22,71342,donation,Gold,3000,Member donation
2025-10-18 05:13:13,71342,donation,Gold,30820,Member donation
2025-10-18 02:23:25,91969,donation,Gold,13076,Member donation
2025-10-17 18:20:24,77680,donation,Gold,10000,Member donation
2025-10-17 15:52:00,43275,donation,Gold,66517,Member donation
2025-10-17 12:52:00,79435,donation,Gold,10000,Member donation
2025-10-17 12:51:57,79435,donation,Gold,10000,Member donation
2025-10-17 12:47:35,11655,donation,Gold,50000,Member donation
2025-10-17 11:49:40,91969,donation,Gold,990,Member donation
2025-10-17 10:37:31,91337,donation,Gold,10000,Member donation
2025-10-17 09:18:28,91969,donation,Gold,1693,Member donation
2025-10-17 08:51:57,100443,donation,Gold,50,Member donation
2025-10-17 08:50:34,82134,donation,Gold,100000,Member donation
2025-10-17 08:45:01,100443,donation,Gold,2,Member donation
2025-10-17 03:51:53,77925,donation,Gold,1000,Member donation
2025-10-17 03:51:52,77925,donation,Gold,1000,Member donation
2025-10-17 03:51:52,77925,donation,Gold,1000,Member donation
2025-10-17 03:51:51,77925,donation,Gold,1000,Member donation
2025-10-17 03:51:51,77925,donation,Gold,1000,Member donation
2025-10-17 03:51:50,77925,donation,Gold,1000,Member donation
2025-10-17 03:51:49,77925,donation,Gold,1000,Member donation
2025-10-17 03:51:49,77925,donation,Gold,1000,Member donation
2025-10-17 03:51:33,77925,donation,Gold,1000,Member donation
2025-10-17 03:51:32,77925,donation,Gold,1000,Member donation
2025-10-17 03:51:32,77925,donation,Gold,1000,Member donation
2025-10-17 03:51:31,77925,donation,Gold,1000,Member donation
2025-10-17 03:51:31,77925,donation,Gold,1000,Member donation
2025-10-17 03:51:30,77925,donation,Gold,1000,Member donation
2025-10-17 03:51:29,77925,donation,Gold,1000,Member donation
2025-10-17 03:51:29,77925,donation,Gold,1000,Member donation
2025-10-17 03:51:28,77925,donation,Gold,1000,Member donation
2025-10-17 03:51:27,77925,donation,Gold,1000,Member donation
2025-10-17 03:51:19,77925,donation,Gold,1000,Member donation
2025-10-17 03:51:18,77925,donation,Gold,1000,Member donation
2025-10-17 03:51:18,77925,donation,Gold,1000,Member donation
2025-10-17 03:51:17,77925,donation,Gold,1000,Member donation
2025-10-17 03:51:17,77925,donation,Gold,1000,Member donation
2025-10-17 03:51:16,77925,donation,Gold,1000,Member donation
2025-10-17 03:51:16,77925,donation,Gold,1000,Member donation
2025-10-17 03:51:15,77925,donation,Gold,1000,Member donation
2025-10-17 03:51:15,77925,donation,Gold,1000,Member donation
2025-10-17 03:51:14,77925,donation,Gold,1000,Member donation
2025-10-17 03:51:14,77925,donation,Gold,1000,Member donation
2025-10-17 03:51:13,77925,donation,Gold,1000,Member donation
2025-10-17 03:51:13,77925,donation,Gold,1000,Member donation
2025-10-17 03:51:12,77925,donation,Gold,1000,Member donation
2025-10-17 03:51:11,77925,donation,Gold,1000,Member donation
2025-10-17 03:51:11,77925,donation,Gold,1000,Member donation
2025-10-17 03:51:10,77925,donation,Gold,1000,Member donation
2025-10-17 03:51:09,77925,donation,Gold,1000,Member donation
2025-10-17 03:51:03,77925,donation,Gold,1000,Member donation
2025-10-17 03:51:03,77925,donation,Gold,1000,Member donation
2025-10-17 03:51:02,77925,donation,Gold,1000,Member donation
2025-10-17 03:51:01,77925,donation,Gold,1000,Member donation
2025-10-17 03:50:59,77925,donation,Gold,1000,Member donation
2025-10-17 03:50:59,77925,donation,Gold,1000,Member donation
2025-10-17 03:50:59,77925,donation,Gold,1000,Member donation
2025-10-17 03:50:58,77925,donation,Gold,1000,Member donation
2025-10-17 03:50:57,77925,donation,Gold,1000,Member donation
2025-10-17 03:50:57,77925,donation,Gold,1000,Member donation
2025-10-17 03:50:56,77925,donation,Gold,1000,Member donation
2025-10-17 03:50:55,77925,donation,Gold,1000,Member donation
2025-10-17 03:50:54,77925,donation,Gold,1000,Member donation
2025-10-17 03:50:53,77925,donation,Gold,1000,Member donation
2025-10-17 03:10:33,91969,donation,Gold,526,Member donation
2025-10-17 03:09:40,91969,donation,Gold,889,Member donation
2025-10-17 02:17:03,91969,donation,Gold,828,Member donation
2025-10-17 02:13:28,91969,donation,Gold,405,Member donation
2025-10-17 02:13:17,91969,donation,Gold,1000,Member donation
2025-10-17 02:13:12,91969,donation,Gold,1000,Member donation
2025-10-17 02:13:10,91969,donation,Gold,1000,Member donation
2025-10-17 02:13:06,91969,donation,Gold,1000,Member donation
2025-10-17 00:12:43,14115,donation,Gold,1000,Member donation
2025-10-17 00:12:42,14115,donation,Gold,1000,Member donation
2025-10-17 00:12:41,100769,donation,Gold,8,Member donation
2025-10-17 00:12:40,14115,donation,Gold,1000,Member donation
2025-10-17 00:12:38,14115,donation,Gold,1000,Member donation
2025-10-17 00:12:36,14115,donation,Gold,1000,Member donation
2025-10-17 00:12:34,14115,donation,Gold,1000,Member donation
2025-10-17 00:12:32,14115,donation,Gold,1000,Member donation
2025-10-17 00:12:30,14115,donation,Gold,1000,Member donation
2025-10-17 00:12:28,14115,donation,Gold,1000,Member donation
2025-10-17 00:12:16,14115,donation,Gold,1000,Member donation
2025-10-16 23:53:01,80572,donation,Gold,10000,Member donation
2025-10-16 23:52:57,80572,donation,Gold,10000,Member donation
2025-10-16 23:50:11,71342,donation,Gems,50,Member donation
2025-10-16 23:47:32,71342,donation,Gems,5,Member donation
2025-10-16 23:47:32,71342,donation,Gold,8237,Member donation
2025-10-16 23:09:36,90465,donation,Gold,50000,Member donation
2025-10-16 23:08:37,90465,donation,Gold,50000,Member donation
2025-10-16 23:04:33,96328,donation,Gold,50000,Member donation
2025-10-16 20:03:46,52465,donation,Gems,10,Member donation
2025-10-16 20:01:11,52293,donation,Gold,10000,Member donation
2025-10-16 19:46:15,100340,donation,Gold,50000,Member donation
2025-10-16 19:21:27,77680,donation,Gold,10000,Member donation
2025-10-16 19:10:36,66273,donation,Gold,20000,Member donation
2025-10-16 18:55:47,82835,donation,Gold,200000,Member donation
2025-10-16 18:48:45,66253,donation,Gold,100000,Member donation
2025-10-16 18:48:45,71342,donation,Gold,15854,Member donation
2025-10-16 18:37:23,62327,donation,Gold,100000,Member donation
2025-10-16 18:22:07,100443,donation,Gold,1,Member donation
2025-10-16 18:20:53,43275,donation,Gold,167319,Member donation
2025-10-16 18:07:27,71342,donation,Gems,5,Member donation
2025-10-16 18:07:27,71342,donation,Gold,2681,Member donation
2025-10-16 18:01:07,100048,donation,Gold,2223,Member donation
2025-10-16 18:00:28,100048,donation,Gold,50000,Member donation
2025-10-16 17:46:26,100443,donation,Gold,7777,Member donation
2025-10-16 17:46:19,100443,donation,Gold,2000,Member donation
2025-10-16 17:46:10,100443,donation,Gold,6800,Member donation
2025-10-16 17:45:53,100443,donation,Gold,3,Member donation
2025-10-16 17:41:43,78145,donation,Gold,10000,Member donation
2025-10-16 17:24:53,21480,donation,Gold,100000,Member donation
2025-10-16 17:18:24,43275,donation,Gold,1000000,Member donation
2025-10-16 16:56:18,87870,donation,Gold,100000,Member donation
2025-10-16 16:56:12,87870,donation,Gold,100000,Member donation
2025-10-16 16:56:09,87870,donation,Gold,100000,Member donation
2025-10-16 16:56:06,87870,donation,Gold,100000,Member donation
2025-10-16 16:56:02,87870,donation,Gold,100000,Member donation
2025-10-16 16:55:57,87870,donation,Gold,100000,Member donation
2025-10-16 16:55:53,87870,donation,Gold,100000,Member donation
2025-10-16 16:55:49,87870,donation,Gold,100000,Member donation
2025-10-16 16:55:44,87870,donation,Gold,100000,Member donation
2025-10-16 16:55:35,87870,donation,Gold,100000,Member donation
2025-10-16 16:54:14,69508,donation,Gold,10000,Member donation
2025-10-16 16:54:12,69508,donation,Gold,10000,Member donation
2025-10-16 16:54:10,69508,donation,Gold,10000,Member donation
2025-10-16 16:53:50,43275,donation,Gold,100000,Member donation
2025-10-16 16:47:30,76638,donation,Gold,15435,Member donation
2025-10-16 16:39:55,80828,donation,Gold,100000,Member donation
2025-10-16 16:26:26,59841,donation,Gold,50000,Member donation
2025-10-16 16:20:15,69508,donation,Gold,10000,Member donation
2025-10-16 16:19:43,69508,donation,Gold,10000,Member donation
2025-10-16 15:48:03,59841,donation,Gold,100000,Member donation
2025-10-16 15:46:36,52465,donation,Gold,10000,Member donation
2025-10-16 15:38:18,79435,donation,Gold,10000,Member donation
2025-10-16 15:38:16,79435,donation,Gold,10000,Member donation
2025-10-16 15:38:14,79435,donation,Gold,10000,Member donation
2025-10-16 15:38:12,79435,donation,Gold,10000,Member donation
2025-10-16 15:38:09,79435,donation,Gold,10000,Member donation
2025-10-16 15:21:49,75736,donation,Gold,100000,Member donation
2025-10-16 15:09:08,77680,donation,Gold,10000,Member donation
2025-10-16 14:57:22,88720,donation,Gold,50000,Member donation
2025-10-16 14:25:51,77925,donation,Gold,10000,Member donation
2025-10-16 14:25:50,77925,donation,Gold,10000,Member donation
2025-10-16 14:25:50,77925,donation,Gold,10000,Member donation
2025-10-16 14:25:49,77925,donation,Gold,10000,Member donation
2025-10-16 14:25:48,77925,donation,Gold,10000,Member donation
2025-10-16 14:25:17,77925,donation,Gold,10000,Member donation
2025-10-16 14:25:14,77925,donation,Gold,10000,Member donation
2025-10-16 14:25:12,77925,donation,Gold,10000,Member donation
2025-10-16 14:25:08,77925,donation,Gold,10000,Member donation
2025-10-16 14:25:06,77925,donation,Gold,10000,Member donation
2025-10-16 14:25:05,77925,donation,Gold,10000,Member donation
2025-10-16 14:25:03,77925,donation,Gold,10000,Member donation
2025-10-16 14:25:00,77925,donation,Gold,10000,Member donation
2025-10-16 14:24:58,77925,donation,Gold,10000,Member donation
2025-10-16 12:30:38,103127,donation,Gold,200000,Member donation
2025-10-16 10:53:18,67206,donation,Gold,200000,Member donation
2025-10-16 10:45:08,100021,donation,Gold,300000,Member donation
2025-10-16 10:44:56,100021,donation,Gold,500000,Member donation
2025-10-16 10:44:36,100021,donation,Gold,100000,Member donation
2025-10-16 08:56:24,52293,donation,Gold,15000,Member donation
2025-10-16 08:54:35,79059,donation,Gold,50000,Member donation
2025-10-16 08:16:39,42231,donation,Gold,100000,Member donation
2025-10-16 07:42:57,93112,donation,Gold,100000,Member donation
2025-10-16 05:24:35,5597,donation,Gold,10000,Member donation
2025-10-16 04:18:48,56691,donation,Gold,50000,Member donation
2025-10-16 01:33:54,79059,donation,Gold,50000,Member donation
2025-10-16 01:02:09,19197,donation,Gold,150000,Member donation
2025-10-15 23:55:02,9941,donation,Gold,40000,Member donation
2025-10-15 23:23:28,76638,donation,Gold,7540,Member donation
2025-10-15 23:12:20,38610,donation,Gold,1000,Member donation
2025-10-15 23:11:59,38610,donation,Gold,100000,Member donation
2025-10-15 23:01:50,82835,donation,Gold,100000,Member donation
2025-10-15 22:59:41,59841,donation,Gold,500000,Member donation
2025-10-15 22:43:42,67206,donation,Gold,50000,Member donation
2025-10-15 22:42:04,78581,donation,Gold,50000,Member donation
2025-10-15 22:26:05,88814,donation,Gold,20000,Member donation
2025-10-15 22:25:53,77533,donation,Gold,10000,Member donation
2025-10-15 22:25:51,77533,donation,Gold,10000,Member donation
2025-10-15 22:25:48,77533,donation,Gold,10000,Member donation
2025-10-15 22:25:45,77533,donation,Gold,10000,Member donation
2025-10-15 22:25:43,77533,donation,Gold,10000,Member donation
2025-10-15 22:17:21,81910,donation,Gold,500000,Member donation
2025-10-15 21:58:27,5597,donation,Gems,10,Member donation
2025-10-15 21:58:25,5597,donation,Gold,10000,Member donation
2025-10-15 21:52:53,100021,donation,Gold,100000,Member donation
2025-10-15 21:23:21,82134,donation,Gold,300000,Member donation
2025-10-15 21:16:38,79595,donation,Gold,111111,Member donation
2025-10-15 21:12:08,100443,donation,Gold,1111,Member donation
2025-10-15 21:11:56,100443,donation,Gold,5000,Member donation
2025-10-15 21:11:43,100443,donation,Gold,4920,Member donation
2025-10-15 21:11:22,100443,donation,Gold,11,Member donation
2025-10-15 21:09:01,79259,donation,Gold,100057,Member donation
2025-10-15 21:05:25,77925,donation,Gold,11,Member donation
2025-10-15 21:02:51,100443,donation,Gold,1,Member donation
2025-10-15 21:01:21,43275,donation,Gold,302009,Member donation
2025-10-15 19:51:36,76638,donation,Gold,7991,Member donation
2025-10-15 19:13:57,76887,donation,Gold,100000,Member donation
2025-10-15 19:13:45,76887,donation,Gold,100000,Member donation
2025-10-15 19:13:35,76887,donation,Gold,20000,Member donation
2025-10-15 17:56:28,75736,donation,Gold,50000,Member donation
2025-10-15 17:42:35,56691,donation,Gold,50000,Member donation
2025-10-15 15:10:30,77925,donation,Gold,50000,Member donation
2025-10-15 15:10:27,77925,donation,Gold,50000,Member donation
2025-10-15 15:10:23,77925,donation,Gold,50000,Member donation
2025-10-15 13:55:54,100048,donation,Gold,3484,Member donation
2025-10-15 13:55:36,100048,donation,Gold,150000,Member donation
2025-10-15 12:29:09,76638,donation,Gold,22649,Member donation
2025-10-15 12:25:16,93410,donation,Gold,2000,Member donation
2025-10-15 11:23:05,103127,donation,Gold,100000,Member donation
2025-10-15 11:17:40,82134,donation,Gold,200000,Member donation
2025-10-15 10:58:41,66273,donation,Gold,1000,Member donation
2025-10-15 10:58:40,66273,donation,Gold,1000,Member donation
2025-10-15 10:13:25,56877,donation,Gold,1000000,Member donation
2025-10-15 09:52:29,100406,donation,Gold,10000,Member donation
2025-10-15 09:00:59,100340,donation,Gold,50000,Member donation
2025-10-15 08:14:28,80572,donation,Gold,10000,Member donation
2025-10-15 08:14:20,80572,donation,Gold,10000,Member donation
2025-10-15 08:14:15,80572,donation,Gold,10000,Member donation
2025-10-15 08:14:11,80572,donation,Gold,10000,Member donation
2025-10-15 08:14:04,80572,donation,Gold,10000,Member donation
2025-10-15 08:08:41,77680,donation,Gold,10000,Member donation
2025-10-15 08:08:34,77680,donation,Gold,10000,Member donation
2025-10-15 08:08:10,77680,donation,Gold,10000,Member donation
2025-10-15 06:41:13,90837,donation,Gold,10000,Member donation
2025-10-15 02:14:12,100567,donation,Gold,9867,Member donation
2025-10-15 02:06:29,100567,donation,Gold,10000,Member donation
2025-10-15 02:06:28,100567,donation,Gold,10000,Member donation
2025-10-15 02:06:26,100567,donation,Gold,10000,Member donation
2025-10-15 02:06:24,100567,donation,Gold,10000,Member donation
2025-10-15 02:03:26,45752,donation,Gold,40000,Member donation
2025-10-15 01:47:15,5597,donation,Gold,100000,Member donation
2025-10-15 01:46:52,5597,donation,Gold,10000,Member donation
2025-10-15 01:46:51,5597,donation,Gold,10000,Member donation
2025-10-15 01:46:49,5597,donation,Gems,50,Member donation
2025-10-15 01:46:48,5597,donation,Gems,50,Member donation
2025-10-15 01:46:45,5597,donation,Gold,10000,Member donation
2025-10-15 01:46:44,5597,donation,Gold,10000,Member donation
2025-10-15 01:23:20,9941,donation,Gold,10000,Member donation
2025-10-15 00:19:13,75736,donation,Gold,50000,Member donation
2025-10-14 22:09:45,79059,donation,Gold,50000,Member donation
2025-10-14 21:43:45,75736,donation,Gold,30000,Member donation
2025-10-14 21:15:53,56691,donation,Gold,100000,Member donation
2025-10-14 20:36:48,75736,donation,Gold,70000,Member donation
2025-10-14 19:59:57,100048,donation,Gold,20000,Member donation
2025-10-14 19:34:46,77925,donation,Gold,30000,Member donation
2025-10-14 19:34:06,100443,donation,Gold,10000,Member donation
2025-10-14 19:30:37,100443,donation,Gold,150000,Member donation
2025-10-14 19:29:17,77533,donation,Gold,10000,Member donation
2025-10-14 19:29:14,77533,donation,Gold,10000,Member donation
2025-10-14 19:29:12,77533,donation,Gold,10000,Member donation
2025-10-14 19:29:10,77533,donation,Gold,10000,Member donation
2025-10-14 19:18:35,93112,donation,Gold,100000,Member donation
2025-10-14 18:46:56,100048,donation,Gold,75341,Member donation
2025-10-14 18:38:11,78145,donation,Gold,10000,Member donation
2025-10-14 18:20:55,76297,donation,Gems,1,Member donation
2025-10-14 18:20:51,76297,donation,Gold,55555,Member donation
2025-10-14 18:00:24,77925,donation,Gold,20000,Member donation
2025-10-14 17:50:43,100048,donation,Gold,10000,Member donation
2025-10-14 17:29:02,77533,donation,Gold,10000,Member donation
2025-10-14 17:20:11,76638,donation,Gold,16243,Member donation
2025-10-14 14:47:27,75683,donation,Gold,10000,Member donation
2025-10-14 14:47:23,75683,donation,Gold,10000,Member donation
2025-10-14 13:36:47,60898,donation,Gems,4,Member donation
2025-10-14 13:36:47,60898,donation,Gold,5000,Member donation
2025-10-14 11:45:50,52465,donation,Gold,1000,Member donation
2025-10-14 11:02:11,93112,donation,Gold,1000000,Member donation
2025-10-14 05:55:29,65425,donation,Gold,10000,Member donation
2025-10-13 22:48:44,45752,donation,Gold,10000,Member donation
2025-10-13 22:48:40,45752,donation,Gems,10,Member donation
2025-10-13 22:48:33,45752,donation,Gold,10000,Member donation
2025-10-13 21:26:41,76645,donation,Gold,10000,Member donation
2025-10-13 21:19:31,77680,donation,Gold,1000,Member donation
2025-10-13 21:19:28,77680,donation,Gold,1000,Member donation
2025-10-13 21:19:26,77680,donation,Gold,1000,Member donation
2025-10-13 19:48:35,77680,donation,Gold,10000,Member donation
2025-10-13 18:51:44,67206,donation,Gold,100000,Member donation
2025-10-13 18:40:33,80404,donation,Gold,10000,Member donation
2025-10-13 18:22:26,66273,donation,Gold,1000,Member donation
2025-10-13 18:22:22,66273,donation,Gold,1000,Member donation
2025-10-13 18:22:07,75736,donation,Gold,50000,Member donation
2025-10-13 15:34:18,81754,donation,Gold,10000,Member donation
2025-10-13 15:34:14,81754,donation,Gold,10000,Member donation
2025-10-13 15:34:09,81754,donation,Gold,10000,Member donation
2025-10-13 15:30:44,93209,donation,Gems,175,Member donation
2025-10-13 15:30:44,93209,donation,Gold,183076,Member donation
2025-10-13 15:16:45,91969,donation,Gold,10000,Member donation
2025-10-13 14:05:21,71342,donation,Gold,1818,Member donation
2025-10-13 10:22:36,67206,donation,Gold,13000,Member donation
2025-10-13 06:55:04,77533,donation,Gold,10000,Member donation
2025-10-13 06:54:59,77533,donation,Gold,10000,Member donation
2025-10-13 06:54:52,77533,donation,Gems,10,Member donation
2025-10-13 05:23:39,5597,donation,Gold,10000,Member donation
2025-10-13 05:22:16,5597,donation,Gems,50,Member donation
2025-10-13 05:22:06,5597,donation,Gems,10,Member donation
2025-10-13 02:01:12,59841,donation,Gems,32,Member donation
2025-10-13 02:00:53,59841,donation,Gold,10000,Member donation
2025-10-13 02:00:51,59841,donation,Gold,10000,Member donation
2025-10-13 02:00:48,59841,donation,Gold,10000,Member donation
2025-10-13 02:00:42,59841,donation,Gold,10000,Member donation
2025-10-13 02:00:40,59841,donation,Gold,10000,Member donation
2025-10-13 02:00:38,59841,donation,Gold,10000,Member donation
2025-10-13 02:00:35,59841,donation,Gold,10000,Member donation
2025-10-13 02:00:32,59841,donation,Gold,10000,Member donation
2025-10-13 01:37:33,88617,donation,Gold,100000,Member donation
2025-10-12 23:34:40,45702,donation,Gold,10000,Member donation
2025-10-12 23:34:37,45702,donation,Gems,10,Member donation
2025-10-12 22:20:47,72466,donation,Gold,603,Member donation
2025-10-12 22:20:33,72466,donation,Gems,226,Member donation
2025-10-12 22:20:23,72466,donation,Gold,277000,Member donation
2025-10-12 20:23:46,76645,donation,Gold,10000,Member donation
2025-10-12 19:01:12,72466,donation,Gold,10000,Member donation
2025-10-12 19:01:07,72466,donation,Gold,10000,Member donation
2025-10-12 18:57:05,72466,donation,Gems,2,Member donation
2025-10-12 18:56:33,52465,donation,Gold,10000,Member donation
2025-10-12 18:56:28,52465,donation,Gold,10000,Member donation
2025-10-12 18:56:22,52465,donation,Gold,10000,Member donation
2025-10-12 18:56:08,52465,donation,Gems,10,Member donation
2025-10-12 17:49:58,66253,donation,Gold,10000,Member donation
2025-10-12 16:29:01,87734,donation,Gold,10000,Member donation
2025-10-12 16:28:55,87734,donation,Gold,10000,Member donation
2025-10-12 16:28:53,87734,donation,Gold,10000,Member donation
2025-10-12 16:00:38,81759,donation,Gold,10000,Member donation
2025-10-12 16:00:22,81759,donation,Gold,10000,Member donation
2025-10-12 16:00:18,81759,donation,Gold,10000,Member donation
2025-10-12 14:57:07,5597,donation,Gold,10000,Member donation
2025-10-12 12:31:25,77680,donation,Gold,1000,Member donation
2025-10-12 09:54:02,100769,donation,Gold,5000,Member donation
2025-10-12 02:14:00,76297,donation,Gems,1,Member donation
2025-10-12 02:13:49,76297,donation,Gold,10000,Member donation
2025-10-12 01:58:25,72558,donation,Gold,2000,Member donation
2025-10-12 01:56:24,60898,donation,Gold,5000,Member donation
2025-10-12 01:32:41,79595,donation,Gold,5000,Member donation
2025-10-12 01:04:01,63970,donation,Gold,10000,Member donation
2025-10-12 00:50:35,100443,donation,Gold,12000,Member donation
2025-10-12 00:43:02,71423,donation,Gold,1000,Member donation
2025-10-12 00:15:34,76067,donation,Gold,1000,Member donation
2025-10-12 00:15:30,76067,donation,Gold,1000,Member donation
2025-10-12 00:14:40,91555,donation,Gold,50000,Member donation
2025-10-12 00:07:15,67206,donation,Gold,10000,Member donation
2025-10-11 23:52:21,65425,donation,Gold,10000,Member donation
2025-10-11 21:38:14,45702,donation,Gold,1000,Member donation
2025-10-11 21:38:07,45702,donation,Gold,10000,Member donation
2025-10-11 20:23:41,77325,donation,Gold,10000,Member donation
2025-10-11 20:06:12,90837,donation,Gold,10000,Member donation
2025-10-11 20:06:01,90837,donation,Gold,1000,Member donation
2025-10-11 19:51:03,78145,donation,Gold,10000,Member donation
2025-10-11 18:19:19,81969,donation,Gold,10000,Member donation
2025-10-11 15:32:40,5597,donation,Gems,1000,Member donation
2025-10-11 12:26:56,60898,donation,Gold,1000,Member donation
2025-10-11 10:13:08,93517,donation,Gold,4000,Member donation
2025-10-11 10:08:49,77680,donation,Gold,10000,Member donation
2025-10-11 09:06:16,77533,donation,Gold,10000,Member donation
2025-10-11 08:53:58,100406,donation,Gold,10000,Member donation
2025-10-11 08:53:51,100406,donation,Gold,1000,Member donation
2025-10-11 08:53:36,80404,donation,Gold,10000,Member donation
2025-10-11 08:15:40,66253,donation,Gold,10000,Member donation
2025-10-11 07:30:25,29125,donation,Gold,10000,Member donation
2025-10-11 07:30:23,29125,donation,Gold,10000,Member donation
2025-10-11 07:29:47,29125,donation,Gold,20000,Member donation
2025-10-11 07:11:32,38610,donation,Gold,6000,Member donation
2025-10-11 06:49:21,72558,donation,Gold,5000,Member donation
2025-10-11 06:33:26,82097,donation,Gold,1000,Member donation
2025-10-11 01:28:28,80572,donation,Gold,10000,Member donation
2025-10-11 01:25:57,80572,donation,Gold,1000,Member donation
2025-10-11 01:25:51,80572,donation,Gold,1000,Member donation
2025-10-11 01:25:32,80572,donation,Gold,1000,Member donation
2025-10-11 00:50:03,79059,donation,Gems,40,Member donation
2025-10-11 00:50:03,79059,donation,Gold,20000,Member donation
2025-10-11 00:21:08,82097,donation,Gold,1000,Member donation
2025-10-11 00:06:51,73069,donation,Gold,10000,Member donation
2025-10-11 00:06:40,73069,donation,Gold,10000,Member donation
2025-10-11 00:06:34,73069,donation,Gold,10000,Member donation
2025-10-11 00:06:33,73069,donation,Gold,10000,Member donation
2025-10-11 00:06:31,73069,donation,Gold,10000,Member donation
2025-10-11 00:00:25,31878,donation,Gold,10000,Member donation
2025-10-11 00:00:24,31878,donation,Gold,10000,Member donation
2025-10-11 00:00:22,31878,donation,Gold,10000,Member donation
2025-10-11 00:00:01,31878,donation,Gold,10000,Member donation
2025-10-10 23:10:30,88814,donation,Gold,10000,Member donation
2025-10-10 23:01:42,66253,donation,Gold,10000,Member donation
2025-10-10 21:36:17,45752,donation,Gems,10,Member donation
2025-10-10 21:36:09,45752,donation,Gold,10000,Member donation
2025-10-10 21:26:01,76592,donation,Gold,10000,Member donation
2025-10-10 21:15:42,78145,donation,Gold,4000,Member donation
2025-10-10 21:15:21,78145,donation,Gold,1000,Member donation
2025-10-10 21:14:59,78145,donation,Gold,1000,Member donation
2025-10-10 21:13:46,82036,donation,Gold,1000,Member donation
2025-10-10 21:03:36,45702,donation,Gems,10,Member donation
2025-10-10 21:03:33,45702,donation,Gold,100000,Member donation
2025-10-10 21:01:07,76645,donation,Gold,70000,Member donation
2025-10-10 20:48:41,66253,donation,Gems,10,Member donation
2025-10-10 20:48:14,66253,donation,Gold,10000,Member donation
2025-10-10 20:48:05,66253,donation,Gold,10000,Member donation
2025-10-10 20:40:05,48715,donation,Gold,10000,Member donation
2025-10-10 20:39:51,48715,donation,Gold,10000,Member donation
2025-10-10 20:17:12,77680,donation,Gold,1000,Member donation
2025-10-10 20:07:34,48355,donation,Gold,10000,Member donation
2025-10-10 19:52:14,78436,donation,Gold,500000,Member donation
2025-10-10 19:50:12,77680,donation,Gold,1000,Member donation
2025-10-10 18:50:55,78122,donation,Gold,10000,Member donation
2025-10-10 18:50:47,78122,donation,Gold,10000,Member donation
2025-10-10 18:46:01,100443,donation,Gold,4000,Member donation
2025-10-10 18:17:04,93410,donation,Gold,1000,Member donation
2025-10-10 17:37:58,62700,donation,Gold,1000,Member donation
2025-10-10 17:33:41,69508,donation,Gold,10000,Member donation
2025-10-10 17:23:46,66273,donation,Gold,1000,Member donation
2025-10-10 17:06:24,81523,donation,Gems,5,Member donation
2025-10-10 17:06:24,81523,donation,Gold,10000,Member donation
2025-10-10 16:47:36,77925,donation,Gems,5,Member donation
2025-10-10 16:47:26,77925,donation,Gold,50000,Member donation
2025-10-10 16:15:54,25745,donation,Gold,10000,Member donation
2025-10-10 16:15:52,25745,donation,Gold,10000,Member donation
2025-10-10 16:15:46,25745,donation,Gold,10000,Member donation
2025-10-10 16:15:09,90338,donation,Gold,100000,Member donation
2025-10-10 16:01:19,100084,donation,Gems,19,Member donation
2025-10-10 16:01:19,100084,donation,Gold,4612,Member donation
2025-10-10 15:48:30,74553,donation,Gold,50000,Member donation
2025-10-10 15:39:36,81754,donation,Gold,10000,Member donation
2025-10-10 15:39:33,81754,donation,Gold,10000,Member donation
2025-10-10 15:32:32,46958,donation,Gold,10000,Member donation
2025-10-10 15:08:54,9746,donation,Gold,100000,Member donation
2025-10-10 15:06:34,67206,donation,Gold,100000,Member donation
2025-10-10 15:01:12,67206,donation,Gold,2000,Member donation
2025-10-10 14:14:44,100567,donation,Gold,1000,Member donation
2025-10-10 13:20:04,57940,donation,Gold,100000,Member donation
2025-10-10 13:20:02,51907,donation,Gold,1000,Member donation
2025-10-10 12:55:28,72402,donation,Gold,10000,Member donation
2025-10-10 12:55:23,72402,donation,Gold,10000,Member donation
2025-10-10 12:55:18,72402,donation,Gold,10000,Member donation
2025-10-10 12:13:04,55715,donation,Gems,50,Member donation
2025-10-10 12:08:21,76645,donation,Gold,10000,Member donation
2025-10-10 12:08:19,76645,donation,Gold,10000,Member donation
2025-10-10 12:06:25,91337,donation,Gold,10000,Member donation
2025-10-10 12:06:01,55715,donation,Gold,200000,Member donation
2025-10-10 12:05:53,91337,donation,Gold,1000,Member donation
2025-10-10 12:05:39,55715,donation,Gold,10000,Member donation
2025-10-10 12:05:28,55715,donation,Gold,10000,Member donation
2025-10-10 11:59:24,52430,donation,Gold,10000,Member donation
2025-10-10 11:48:33,56877,donation,Gold,46000,Member donation
2025-10-10 11:43:14,77908,donation,Gold,10000,Member donation
2025-10-10 11:02:40,91969,donation,Gems,10,Member donation
2025-10-10 10:55:31,91969,donation,Gold,21,Member donation
2025-10-10 10:26:19,78120,donation,Gold,100000,Member donation
2025-10-10 09:40:56,77908,donation,Gold,1000,Member donation
2025-10-10 09:40:52,77908,donation,Gold,1000,Member donation
2025-10-10 09:39:00,98932,donation,Gold,5717,Member donation
2025-10-10 09:34:04,102608,donation,Gold,1000,Member donation
2025-10-10 09:29:51,30259,donation,Gold,100000,Member donation
2025-10-10 09:18:12,75736,donation,Gold,100000,Member donation
2025-10-10 09:12:32,56304,donation,Gold,10000,Member donation
2025-10-10 08:58:38,65856,donation,Gold,10000,Member donation
2025-10-10 08:58:36,65856,donation,Gold,10000,Member donation
2025-10-10 08:58:35,65856,donation,Gold,10000,Member donation
2025-10-10 08:58:29,65856,donation,Gold,10000,Member donation
2025-10-10 08:58:27,65856,donation,Gold,10000,Member donation
2025-10-10 08:58:25,65856,donation,Gold,10000,Member donation
2025-10-10 08:58:23,65856,donation,Gold,10000,Member donation
2025-10-10 08:58:21,65856,donation,Gold,10000,Member donation
2025-10-10 08:57:59,65856,donation,Gold,10000,Member donation
2025-10-10 08:57:57,65856,donation,Gold,10000,Member donation
2025-10-10 08:57:55,65856,donation,Gold,10000,Member donation
2025-10-10 08:57:45,65856,donation,Gold,10000,Member donation
2025-10-10 08:57:44,65856,donation,Gold,10000,Member donation
2025-10-10 08:57:40,65856,donation,Gold,10000,Member donation
2025-10-10 07:40:55,29125,donation,Gems,10,Member donation
2025-10-10 07:40:19,29125,donation,Gold,10000,Member donation
2025-10-10 07:40:16,29125,donation,Gold,10000,Member donation
2025-10-10 07:40:13,29125,donation,Gold,10000,Member donation
2025-10-10 07:30:16,38030,donation,Gold,10000,Member donation
2025-10-10 07:30:11,38030,donation,Gold,10000,Member donation
2025-10-10 07:28:00,79979,donation,Gold,10000,Member donation
2025-10-10 07:04:58,81277,donation,Gems,10,Member donation
2025-10-10 07:04:58,81277,donation,Gold,1000,Member donation
2025-10-10 07:01:15,80103,donation,Gold,10000,Member donation
2025-10-10 07:01:13,80103,donation,Gold,10000,Member donation
2025-10-10 07:00:59,80103,donation,Gold,10000,Member donation
2025-10-10 07:00:58,80103,donation,Gold,10000,Member donation
2025-10-10 07:00:56,80103,donation,Gold,10000,Member donation
2025-10-10 07:00:54,80103,donation,Gold,10000,Member donation
2025-10-10 07:00:52,80103,donation,Gold,10000,Member donation
2025-10-10 07:00:50,80103,donation,Gold,10000,Member donation
2025-10-10 07:00:49,80103,donation,Gold,10000,Member donation
2025-10-10 07:00:34,80103,donation,Gold,10000,Member donation
2025-10-10 06:56:45,60188,donation,Gold,5000,Member donation
2025-10-10 05:14:19,79059,donation,Gems,100,Member donation
2025-10-10 05:14:19,79059,donation,Gold,16000,Member donation
2025-10-10 04:30:53,81754,donation,Gold,10000,Member donation
2025-10-10 04:30:42,81754,donation,Gold,10000,Member donation
2025-10-10 04:30:40,81754,donation,Gold,10000,Member donation
2025-10-10 04:30:38,81754,donation,Gold,10000,Member donation
2025-10-10 04:30:34,81754,donation,Gold,10000,Member donation
2025-10-10 04:30:23,81754,donation,Gold,10000,Member donation
2025-10-10 04:09:32,77206,donation,Gold,100000,Member donation
2025-10-10 04:09:18,77206,donation,Gold,50000,Member donation
2025-10-10 04:08:22,77206,donation,Gold,10000,Member donation
2025-10-10 04:08:21,77206,donation,Gold,10000,Member donation
2025-10-10 04:08:21,77206,donation,Gold,10000,Member donation
2025-10-10 04:08:21,77206,donation,Gold,10000,Member donation
2025-10-10 04:08:20,77206,donation,Gold,10000,Member donation
2025-10-10 04:08:19,77206,donation,Gold,10000,Member donation
2025-10-10 04:08:18,77206,donation,Gold,10000,Member donation
2025-10-10 04:08:16,77206,donation,Gold,10000,Member donation
2025-10-10 04:08:15,77206,donation,Gold,10000,Member donation
2025-10-10 04:08:13,77206,donation,Gold,10000,Member donation
2025-10-10 04:08:11,77206,donation,Gold,10000,Member donation
2025-10-10 03:01:50,71342,donation,Gems,15,Member donation
2025-10-10 02:55:17,22126,donation,Gold,10000,Member donation
2025-10-10 02:55:16,22126,donation,Gold,10000,Member donation
2025-10-10 02:55:15,22126,donation,Gold,10000,Member donation
2025-10-10 02:55:13,22126,donation,Gold,10000,Member donation
2025-10-10 02:55:12,22126,donation,Gold,10000,Member donation
2025-10-10 02:15:34,76233,donation,Gold,10000,Member donation
2025-10-10 02:15:33,76233,donation,Gold,10000,Member donation
2025-10-10 02:15:13,76233,donation,Gold,10000,Member donation
2025-10-10 02:15:09,76233,donation,Gold,10000,Member donation
2025-10-10 01:22:32,81754,donation,Gold,10000,Member donation
2025-10-10 01:18:12,48651,donation,Gold,10000,Member donation
2025-10-10 01:18:02,48651,donation,Gold,10000,Member donation
2025-10-10 01:18:00,48651,donation,Gold,10000,Member donation
2025-10-10 01:17:58,48651,donation,Gold,10000,Member donation
2025-10-10 01:17:55,48651,donation,Gold,10000,Member donation
2025-10-10 01:10:15,76638,donation,Gold,1000,Member donation
2025-10-10 01:10:12,76638,donation,Gold,1000,Member donation
2025-10-10 01:10:10,76638,donation,Gems,10,Member donation
2025-10-10 01:03:31,91969,donation,Gems,1,Member donation
2025-10-10 01:03:31,91969,donation,Gold,59,Member donation
2025-10-10 00:51:23,41990,donation,Gold,10000,Member donation
2025-10-10 00:51:19,41990,donation,Gold,10000,Member donation
2025-10-10 00:51:17,41990,donation,Gold,10000,Member donation
2025-10-10 00:38:11,76638,donation,Gold,10000,Member donation
2025-10-10 00:22:08,81041,donation,Gold,5000,Member donation
2025-10-10 00:21:20,67206,donation,Gems,8,Member donation
2025-10-10 00:20:50,67206,donation,Gems,50,Member donation
2025-10-10 00:03:56,91969,donation,Gems,1,Member donation
2025-10-09 23:56:19,91969,donation,Gems,6,Member donation
2025-10-09 22:57:44,100084,donation,Gold,6000,Member donation
2025-10-09 22:51:57,75736,donation,Gold,16000,Member donation
2025-10-09 22:43:05,100340,donation,Gold,9135,Member donation
2025-10-09 22:33:40,100769,donation,Gems,2,Member donation
2025-10-09 22:33:32,100769,donation,Gold,744,Member donation
2025-10-09 22:31:52,75736,donation,Gold,10000,Member donation
2025-10-09 22:11:25,96328,donation,Gold,10000,Member donation
2025-10-09 21:45:05,19197,donation,Gold,10000,Member donation
2025-10-09 21:45:04,19197,donation,Gold,10000,Member donation
2025-10-09 21:36:32,100084,donation,Gems,7,Member donation
2025-10-09 21:35:54,100084,donation,Gold,7000,Member donation
2025-10-09 21:33:04,90848,donation,Gold,10000,Member donation
2025-10-09 21:28:13,93300,donation,Gold,880,Member donation
2025-10-09 21:25:00,42570,donation,Gold,5000,Member donation
2025-10-09 21:24:40,42570,donation,Gold,10000,Member donation
2025-10-09 21:21:11,100340,donation,Gold,3155,Member donation
2025-10-09 21:18:21,54422,donation,Gold,1000,Member donation
2025-10-09 21:01:04,77820,donation,Gold,10000,Member donation
2025-10-09 21:00:53,77820,donation,Gold,10000,Member donation
2025-10-09 20:49:03,76638,donation,Gold,10000,Member donation
2025-10-09 20:48:54,100084,donation,Gems,2,Member donation
2025-10-09 20:48:18,100769,donation,Gold,4000,Member donation
2025-10-09 20:44:37,100769,donation,Gems,8,Member donation
2025-10-09 20:37:09,100084,donation,Gold,16363,Member donation
2025-10-09 20:36:33,100769,donation,Gold,883,Member donation
2025-10-09 20:36:24,100769,donation,Gold,8000,Member donation
2025-10-09 20:22:28,56877,donation,Gold,89000,Member donation
2025-10-09 20:21:47,93295,donation,Gold,10000,Member donation
2025-10-09 20:21:42,93295,donation,Gold,10000,Member donation
2025-10-09 20:21:32,93295,donation,Gold,10000,Member donation
2025-10-09 20:21:29,93295,donation,Gold,10000,Member donation
2025-10-09 20:08:16,45557,donation,Gems,20,Member donation
2025-10-09 20:04:11,94931,donation,Gold,10000,Member donation
2025-10-09 20:02:10,95207,donation,Gems,50,Member donation
2025-10-09 20:02:03,95207,donation,Gold,10000,Member donation
2025-10-09 20:02:00,45557,donation,Gold,1000,Member donation
2025-10-09 19:57:56,96999,donation,Gold,1000,Member donation
2025-10-09 19:39:43,82964,donation,Gold,100000,Member donation
2025-10-09 19:39:14,82964,donation,Gold,10000,Member donation
2025-10-09 19:30:53,39468,donation,Gold,1000,Member donation
2025-10-09 19:30:49,39468,donation,Gold,1000,Member donation
2025-10-09 19:30:43,39468,donation,Gold,1000,Member donation
2025-10-09 18:37:14,100864,donation,Gems,10,Member donation
2025-10-09 18:37:09,100864,donation,Gold,10000,Member donation
2025-10-09 18:30:37,59841,donation,Gold,10000,Member donation
2025-10-09 18:30:10,59841,donation,Gold,10000,Member donation
2025-10-09 18:10:14,79018,donation,Gold,10000,Member donation
2025-10-09 18:10:12,79018,donation,Gold,10000,Member donation
2025-10-09 18:09:32,100567,donation,Gold,3957,Member donation
2025-10-09 18:09:22,79018,donation,Gold,1000,Member donation
2025-10-09 17:56:36,66273,donation,Gold,1000,Member donation
2025-10-09 17:30:01,75026,donation,Gold,10000,Member donation
2025-10-09 17:29:54,75026,donation,Gold,10000,Member donation
2025-10-09 17:29:41,75026,donation,Gold,10000,Member donation
2025-10-09 17:27:12,100084,donation,Gold,15000,Member donation
2025-10-09 17:22:48,91969,donation,Gems,2,Member donation
2025-10-09 17:19:18,91337,donation,Gold,5000,Member donation
2025-10-09 17:02:01,100340,donation,Gold,6306,Member donation
2025-10-09 16:51:10,100769,donation,Gold,9000,Member donation
2025-10-09 16:43:16,79435,donation,Gold,10000,Member donation
2025-10-09 16:39:17,88720,donation,Gold,100000,Member donation
2025-10-09 16:38:34,100084,donation,Gold,3000,Member donation
2025-10-09 16:33:35,56691,donation,Gold,100000,Member donation
2025-10-09 16:19:24,72558,donation,Gold,7000,Member donation
2025-10-09 16:16:17,100048,donation,Gold,50000,Member donation
2025-10-09 16:12:38,82590,donation,Gems,1,Member donation
2025-10-09 16:12:38,82590,donation,Gold,98000,Member donation
2025-10-09 16:11:13,95841,donation,Gold,10000,Member donation
2025-10-09 16:10:14,42231,donation,Gold,10000,Member donation
2025-10-09 16:09:52,100443,donation,Gold,1000,Member donation
2025-10-09 16:06:05,66205,donation,Gold,10000,Member donation
2025-10-09 16:05:46,39468,donation,Gold,1000,Member donation
2025-10-09 16:05:44,39468,donation,Gold,1000,Member donation
2025-10-09 16:05:42,39468,donation,Gold,1000,Member donation
2025-10-09 16:05:39,39468,donation,Gold,1000,Member donation
2025-10-09 16:00:08,100443,donation,Gold,400,Member donation
2025-10-09 15:58:50,51740,donation,Gems,10,Member donation
2025-10-09 15:58:50,51740,donation,Gold,10000,Member donation
2025-10-09 15:58:01,100443,donation,Gold,2000,Member donation
2025-10-09 15:57:51,39468,donation,Gold,1000,Member donation
2025-10-09 15:55:56,76645,donation,Gold,10000,Member donation
2025-10-09 15:55:29,56877,donation,Gold,30000,Member donation
2025-10-09 15:55:19,56877,donation,Gold,300,Member donation
2025-10-09 15:52:35,92012,donation,Gems,10,Member donation
2025-10-09 15:51:20,81754,donation,Gems,10,Member donation
2025-10-09 15:51:00,81754,donation,Gold,10000,Member donation
2025-10-09 15:50:47,81754,donation,Gold,10000,Member donation
2025-10-09 15:44:50,76887,donation,Gems,100,Member donation
2025-10-09 15:44:37,76887,donation,Gold,200000,Member donation
2025-10-09 15:43:45,76694,donation,Gold,10000,Member donation
2025-10-09 15:43:43,76694,donation,Gold,10000,Member donation
2025-10-09 15:43:41,76694,donation,Gold,10000,Member donation
2025-10-09 15:43:39,76694,donation,Gold,10000,Member donation
2025-10-09 15:40:10,76645,donation,Gold,10000,Member donation
2025-10-09 15:39:41,76645,donation,Gold,10000,Member donation
2025-10-09 15:39:39,76645,donation,Gold,10000,Member donation
2025-10-09 15:34:49,100048,donation,Gold,10000,Member donation
2025-10-09 15:34:46,100048,donation,Gold,10000,Member donation
2025-10-09 15:33:24,98932,donation,Gold,10000,Member donation
2025-10-09 15:33:16,98932,donation,Gold,2763,Member donation
2025-10-09 15:32:36,100084,donation,Gold,6000,Member donation
2025-10-09 15:23:03,100084,donation,Gold,17000,Member donation
2025-10-09 15:16:47,56877,donation,Gold,50000,Member donation
2025-10-09 15:16:15,91337,donation,Gold,5000,Member donation
2025-10-09 15:14:36,104215,donation,Gold,10000,Member donation
2025-10-09 15:08:53,92012,donation,Gold,10000,Member donation
2025-10-09 15:06:48,50634,donation,Gold,15000,Member donation
2025-10-09 15:05:11,91969,donation,Gems,1,Member donation
2025-10-09 15:05:05,91969,donation,Gold,24,Member donation
2025-10-09 15:02:29,90222,donation,Gold,4000,Member donation
2025-10-09 14:53:18,65547,donation,Gold,10000,Member donation
2025-10-09 14:43:08,11655,donation,Gold,10000,Member donation
2025-10-09 14:35:58,91337,donation,Gold,5000,Member donation
2025-10-09 14:35:49,95841,donation,Gold,1000,Member donation
2025-10-09 14:34:58,100567,donation,Gold,1000,Member donation
2025-10-09 14:32:58,42231,donation,Gold,7461,Member donation
2025-10-09 14:28:36,82835,donation,Gold,10000,Member donation
2025-10-09 14:19:01,75733,donation,Gold,10000,Member donation
2025-10-09 14:18:38,100021,donation,Gems,2,Member donation
2025-10-09 14:18:19,100021,donation,Gold,10000,Member donation
2025-10-09 14:18:16,100021,donation,Gold,10000,Member donation
2025-10-09 14:18:12,100021,donation,Gold,10000,Member donation
2025-10-09 14:15:51,75736,donation,Gems,8,Member donation
2025-10-09 14:15:37,75736,donation,Gold,10000,Member donation
2025-10-09 14:15:19,75736,donation,Gold,10000,Member donation
2025-10-09 14:15:15,75736,donation,Gold,10000,Member donation
2025-10-09 14:15:03,75736,donation,Gold,10000,Member donation
2025-10-09 14:14:55,75736,donation,Gold,10000,Member donation
2025-10-09 14:14:42,94797,donation,Gold,300000,Member donation
2025-10-09 14:12:14,80828,donation,Gold,200000,Member donation
2025-10-09 14:09:33,82590,donation,Gold,10000,Member donation
2025-10-09 14:09:32,82590,donation,Gold,10000,Member donation
2025-10-09 14:07:43,42570,donation,Gems,8,Member donation
2025-10-09 14:07:21,42570,donation,Gold,19238,Member donation
2025-10-09 14:06:54,42570,donation,Gems,30,Member donation
2025-10-09 14:06:54,42570,donation,Gold,19,Member donation
2025-10-09 14:06:12,19197,donation,Gold,10000,Member donation
2025-10-09 14:05:40,101544,donation,Gold,1000,Member donation
2025-10-09 14:04:29,74206,donation,Gold,30000,Member donation
2025-10-09 14:04:13,91969,donation,Gems,2,Member donation
2025-10-09 14:04:13,91969,donation,Gold,256,Member donation
2025-10-09 14:03:59,90458,donation,Gold,100000,Member donation
2025-10-09 14:03:51,90458,donation,Gold,10000,Member donation
2025-10-09 14:00:45,100769,donation,Gold,26000,Member donation
2025-10-09 13:59:21,100084,donation,Gold,1000,Member donation
2025-10-09 13:59:12,100084,donation,Gold,1000,Member donation
2025-10-09 13:59:09,100084,donation,Gold,1000,Member donation
2025-10-09 13:59:05,100084,donation,Gold,10000,Member donation
2025-10-09 13:58:20,100443,donation,Gold,1000,Member donation
2025-10-09 13:58:18,100443,donation,Gold,1000,Member donation
2025-10-09 13:58:09,100443,donation,Gold,10000,Member donation
2025-10-09 13:58:06,100443,donation,Gold,10000,Member donation
2025-10-09 13:53:20,76694,donation,Gold,10000,Member donation
2025-10-09 13:53:16,76694,donation,Gold,10000,Member donation
2025-10-09 13:53:15,76694,donation,Gold,10000,Member donation
2025-10-09 13:53:11,76694,donation,Gold,10000,Member donation
2025-10-09 13:53:09,76694,donation,Gold,10000,Member donation
2025-10-09 13:53:07,76694,donation,Gold,10000,Member donation
2025-10-09 13:53:04,76694,donation,Gold,10000,Member donation
2025-10-09 13:52:48,100021,donation,Gold,10000,Member donation
2025-10-09 13:50:23,89839,donation,Gold,5000,Member donation
2025-10-09 13:49:44,89839,donation,Gold,1000,Member donation
2025-10-09 13:42:38,102460,donation,Gems,20,Member donation
2025-10-09 13:41:38,100443,donation,Gold,10000,Member donation
2025-10-09 13:39:50,81130,donation,Gold,50000,Member donation
2025-10-09 13:39:21,51907,donation,Gold,10000,Member donation
2025-10-09 13:39:18,81130,donation,Gold,10000,Member donation
2025-10-09 13:39:08,81130,donation,Gold,10000,Member donation
2025-10-09 13:35:28,56488,donation,Gold,50000,Member donation
2025-10-09 13:33:31,76638,donation,Gold,50000,Member donation
2025-10-09 13:31:22,62327,donation,Gold,10000,Member donation
2025-10-09 13:29:31,65544,donation,Gold,50000,Member donation
2025-10-09 13:27:11,88720,donation,Gold,2,Member donation
2025-10-09 13:26:26,76638,donation,Gold,10000,Member donation
2025-10-09 13:26:24,76638,donation,Gems,10,Member donation
2025-10-09 13:26:23,76638,donation,Gems,10,Member donation
2025-10-09 13:26:22,76638,donation,Gems,10,Member donation
2025-10-09 13:26:21,76638,donation,Gems,10,Member donation
2025-10-09 13:26:19,76638,donation,Gold,10000,Member donation
2025-10-09 13:26:17,76638,donation,Gold,10000,Member donation
2025-10-09 13:26:15,76638,donation,Gold,10000,Member donation
2025-10-09 13:26:13,76638,donation,Gold,10000,Member donation
2025-10-09 13:17:21,103049,donation,Gold,10000,Member donation
2025-10-09 13:14:17,82590,donation,Gold,10000,Member donation
2025-10-09 13:14:15,100443,donation,Gold,3000,Member donation
2025-10-09 13:13:53,82590,donation,Gold,10000,Member donation
2025-10-09 13:12:54,79595,donation,Gold,5000,Member donation
2025-10-09 13:11:11,100443,donation,Gems,36,Member donation
2025-10-09 13:11:11,100443,donation,Gold,30000,Member donation
2025-10-09 13:10:16,98459,donation,Gems,50,Member donation
2025-10-09 13:10:16,98459,donation,Gold,36000,Member donation
2025-10-09 13:09:50,91969,donation,Gold,1000,Member donation
2025-10-09 13:09:45,91969,donation,Gold,1000,Member donation
2025-10-09 13:09:06,88604,donation,Gold,10000,Member donation
2025-10-09 13:07:19,82134,donation,Gold,10000,Member donation
2025-10-09 13:07:15,82134,donation,Gold,10000,Member donation
2025-10-09 13:05:40,103127,donation,Gold,25000,Member donation
2025-10-09 13:05:23,102460,donation,Gold,20000,Member donation
2025-10-09 13:04:26,96328,donation,Gold,1000,Member donation
2025-10-09 13:01:57,75733,donation,Gems,7,Member donation
2025-10-09 13:01:35,75733,donation,Gold,10000,Member donation
2025-10-09 13:01:11,76645,donation,Gold,9000,Member donation
2025-10-09 13:00:57,76645,donation,Gold,50000,Member donation
2025-10-09 13:00:48,76645,donation,Gold,10000,Member donation
2025-10-09 12:59:13,45752,donation,Gems,50,Member donation
2025-10-09 12:59:13,45752,donation,Gold,5000,Member donation
2025-10-09 12:56:53,95482,donation,Gold,95,Member donation
2025-10-09 12:52:12,100769,donation,Gems,61,Member donation
2025-10-09 12:52:00,100769,donation,Gold,5000,Member donation
2025-10-09 12:51:10,36260,donation,Gold,10000,Member donation
2025-10-09 12:50:11,42570,donation,Gold,10000,Member donation
2025-10-09 12:50:07,42570,donation,Gold,10000,Member donation
2025-10-09 12:50:05,42570,donation,Gold,10000,Member donation
2025-10-09 12:49:59,42570,donation,Gems,10,Member donation
2025-10-09 12:46:21,93112,donation,Gold,50000,Member donation
2025-10-09 12:43:57,100340,donation,Gold,5828,Member donation
2025-10-09 12:43:20,91969,donation,Gold,273,Member donation
2025-10-09 12:41:31,43275,donation,Gold,55000,Member donation
2025-10-09 12:40:40,88460,donation,Gold,150000,Member donation
2025-10-09 12:40:26,88460,donation,Gold,10000,Member donation
2025-10-09 12:40:06,102460,donation,Gold,10000,Member donation
2025-10-09 12:39:53,81347,donation,Gold,10000,Member donation
2025-10-09 12:39:50,81347,donation,Gold,10000,Member donation
2025-10-09 12:36:29,69010,donation,Gold,100000,Member donation
2025-10-09 12:36:26,100084,donation,Gems,60,Member donation
2025-10-09 12:35:18,102460,donation,Gold,10000,Member donation
2025-10-09 12:33:17,43275,donation,Gold,100000,Member donation
2025-10-09 12:31:26,81446,donation,Gems,58,Member donation
2025-10-09 12:31:06,79025,donation,Gold,100000,Member donation
2025-10-09 12:30:29,81446,donation,Gold,5000,Member donation
2025-10-09 12:30:16,93209,donation,Gold,100000,Member donation
2025-10-09 12:29:24,56877,donation,Gold,100000,Member donation
2025-10-09 12:28:45,81347,donation,Gold,10000,Member donation
2025-10-09 12:26:02,91969,donation,Gems,2,Member donation
2025-10-09 12:26:02,91969,donation,Gold,73,Member donation
2025-10-09 12:25:50,91969,donation,Gems,10,Member donation
2025-10-09 12:25:47,91969,donation,Gems,10,Member donation
2025-10-09 12:25:36,91969,donation,Gold,800,Member donation
2025-10-09 12:25:23,91969,donation,Gems,50,Member donation
2025-10-09 12:23:19,76694,donation,Gold,10000,Member donation
2025-10-09 12:23:11,56877,donation,Gold,10000,Member donation
2025-10-09 12:23:07,56877,donation,Gold,10000,Member donation
2025-10-09 12:22:57,76694,donation,Gold,10000,Member donation
2025-10-09 12:22:15,51907,donation,Gold,10000,Member donation
2025-10-09 12:22:02,51907,donation,Gold,10000,Member donation
2025-10-09 12:18:18,56488,donation,Gold,10000,Member donation
2025-10-09 12:18:16,56488,donation,Gold,10000,Member donation
2025-10-09 12:18:14,56488,donation,Gold,10000,Member donation
2025-10-09 12:18:11,56488,donation,Gold,10000,Member donation
2025-10-09 12:14:24,75683,donation,Gems,10,Member donation
2025-10-09 12:14:14,75683,donation,Gems,10,Member donation
2025-10-09 12:14:10,75683,donation,Gold,10000,Member donation
2025-10-09 12:11:07,100340,donation,Gems,142,Member donation
2025-10-09 12:10:53,100340,donation,Gold,10000,Member donation
2025-10-09 12:10:10,69010,donation,Gold,100000,Member donation
2025-10-09 12:09:55,69010,donation,Gold,10000,Member donation
